date,temperature,precipitation,Q
1994-01-01,-0.9616136,7.798736,45.46
1994-01-02,0.2381146,0.8679973,44.37
1994-01-03,1.389251,9.605256,72.64
1994-01-04,0.1068918,0.7876248,60.53
1994-01-05,0.0594366,22.09707,60.38
1994-01-06,0.947311,8.983034,88.88
1994-01-07,1.260656,0.06487026,82.71
1994-01-08,-0.6205834,1.792482,60.88
1994-01-09,1.93058,5.970991,114
1994-01-10,3.498827,0.08170326,142.5
1994-01-11,2.794394,8.254025,103.7
1994-01-12,3.36037,7.25835,134.9
1994-01-13,3.919055,17.9811,177.2
1994-01-14,3.371766,2.253892,159.8
1994-01-15,0.2182305,0.1065868,104.4
1994-01-16,-1.16611,0.08649368,76.85
1994-01-17,0.1088259,0.7304059,60.44
1994-01-18,1.733791,5.786959,68.15
1994-01-19,2.094771,2.724152,59.44
1994-01-20,3.83191,0.8738523,61.73
1994-01-21,6.571568,0.9268796,64.53
1994-01-22,3.945612,11.44145,57.35
1994-01-23,1.527449,0.7738523,75.23
1994-01-24,3.573107,8.743446,53.71
1994-01-25,2.664986,9.118762,92.02
1994-01-26,3.046244,14.06534,111.4
1994-01-27,2.176038,2.25489,114.7
1994-01-28,0.7263446,0.9528277,74.81
1994-01-29,2.619786,5.735862,77.15
1994-01-30,2.719874,0.860346,75.13
1994-01-31,3.580218,8.709381,60.52
1994-02-01,4.377588,12.16587,155.6
1994-02-02,1.406871,0.411843,87.03
1994-02-03,0.8444451,7.870659,69.32
1994-02-04,2.651876,0.2707917,81.16
1994-02-05,3.74168,3.552362,66.02
1994-02-06,2.842724,2.809914,69.1
1994-02-07,1.47573,1.098337,59.53
1994-02-08,1.952675,5.983034,59.77
1994-02-09,3.009172,0.04244844,56.76
1994-02-10,1.782017,0.034664,46.27
1994-02-11,1.737886,0.002195609,40.99
1994-02-12,2.421468,0,36.5
1994-02-13,-0.4302777,0.004590818,32.68
1994-02-14,-1.182579,0.01337325,29.35
1994-02-15,-1.211653,1.285695,27.72
1994-02-16,-2.337183,0.123819,25.83
1994-02-17,-3.415485,0.02488357,23.47
1994-02-18,-1.478228,0.03459747,22.78
1994-02-19,0.2555863,0,21.65
1994-02-20,-0.4773222,0.1683965,20.38
1994-02-21,-2.570021,1.320892,19.09
1994-02-22,-2.395128,0.1682635,17.8
1994-02-23,-1.987526,3.203593,16.81
1994-02-24,-0.5628192,0.05894877,16.52
1994-02-25,-0.7367761,8.682369,15.89
1994-02-26,0.287206,12.8662,17.84
1994-02-27,1.637153,23.32741,94.84
1994-02-28,1.750728,3.551963,121.8
1994-03-01,1.565894,1.232003,75.73
1994-03-02,3.084886,9.928476,84.16
1994-03-03,3.311378,2.516367,140.7
1994-03-04,4.754457,19.46587,159.6
1994-03-05,4.580553,7.976248,223.6
1994-03-06,4.720926,2.285629,133.1
1994-03-07,6.895917,5.808184,106.1
1994-03-08,8.093139,8.126347,141.4
1994-03-09,4.178042,2.946307,95.81
1994-03-10,3.993453,3.04491,75.68
1994-03-11,4.0115,2.499335,68.24
1994-03-12,2.89673,12.70146,72.01
1994-03-13,4.654065,8.761277,89.58
1994-03-14,5.302068,2.371856,115.4
1994-03-15,2.858702,5.303659,75.19
1994-03-16,1.144524,5.852961,64.54
1994-03-17,1.774746,1.28503,61
1994-03-18,1.571547,1.238057,57.56
1994-03-19,1.649575,0.2032601,49.81
1994-03-20,1.429354,0.4389887,43.71
1994-03-21,2.157154,5.64185,39.19
1994-03-22,4.915316,11.79022,63.77
1994-03-23,7.506152,16.99082,184.4
1994-03-24,4.31805,2.030273,107.3
1994-03-25,5.238022,0.6954757,75.76
1994-03-26,2.962767,0.1036593,57.87
1994-03-27,2.66047,7.164471,56.29
1994-03-28,6.112337,5.927013,71.69
1994-03-29,5.41874,1.933001,64.43
1994-03-30,4.994612,17.47305,78.75
1994-03-31,4.629428,5.050366,125.4
1994-04-01,4.532544,2.994943,87.5
1994-04-02,2.691512,1.426281,66.82
1994-04-03,2.914564,8.693214,70.83
1994-04-04,1.844356,2.54511,69.29
1994-04-05,2.472953,3.163606,57.89
1994-04-06,3.24083,7.451031,50.36
1994-04-07,3.285442,5.829009,68.79
1994-04-08,0.8330692,7.772987,73.65
1994-04-09,1.54916,7.485296,69.58
1994-04-10,3.807003,0.0592149,70.07
1994-04-11,3.631637,1.11018,64.1
1994-04-12,5.528235,0.1886893,60.81
1994-04-13,4.323129,0,48.75
1994-04-14,4.019463,0.0002661344,41.25
1994-04-15,4.399773,0.0002661344,36.04
1994-04-16,5.010156,1.523021,33.19
1994-04-17,6.121251,0.1053227,30.24
1994-04-18,4.790251,0.7572189,27.5
1994-04-19,5.907894,0.06899534,25.44
1994-04-20,4.558447,0.07757818,24.21
1994-04-21,3.31559,10.06999,23.78
1994-04-22,5.495371,5.017565,31.62
1994-04-23,7.430172,5.274451,39.99
1994-04-24,8.144272,3.358816,35.43
1994-04-25,4.89086,6.651763,38.42
1994-04-26,6.810701,0.03958749,38.88
1994-04-27,10.06999,0.3345975,30.49
1994-04-28,11.17855,2.328343,30.15
1994-04-29,11.18565,1.467731,32.97
1994-04-30,8.385736,0.1785762,28.24
1994-05-01,7.31101,0.344511,25.17
1994-05-02,10.03326,3.297206,25.68
1994-05-03,8.127025,8.321756,26.31
1994-05-04,7.275305,4.191484,39.56
1994-05-05,7.217903,3.310379,40.5
1994-05-06,7.288615,0.8753826,35.1
1994-05-07,7.497067,0.5889554,29.47
1994-05-08,6.078971,0.3109115,25.98
1994-05-09,6.442954,0.2517631,23.31
1994-05-10,8.304001,0,21.45
1994-05-11,9.743232,0,20.24
1994-05-12,11.05601,0.0002661344,18.83
1994-05-13,10.45484,0,17.53
1994-05-14,9.981201,0,16.54
1994-05-15,6.712088,0.0004657352,15.82
1994-05-16,5.889332,0.1006653,14.83
1994-05-17,5.257903,0.3532269,14.09
1994-05-18,3.738612,0.4807053,13.98
1994-05-19,3.514181,0.2047239,13.61
1994-05-20,5.228947,0.05788423,12.83
1994-05-21,7.386674,0.006719893,12.35
1994-05-22,7.945339,0,11.98
1994-05-23,7.165394,0,11.57
1994-05-24,6.414551,0,11.28
1994-05-25,7.270856,0.03952096,11.95
1994-05-26,5.590424,0.0002661344,13.24
1994-05-27,5.259627,0.2914172,10.72
1994-05-28,6.109475,0,10.38
1994-05-29,8.283549,0,10.1
1994-05-30,8.364974,0,9.716
1994-05-31,11.19151,0.007119095,9.578
1994-06-01,11.07227,0.02302062,10.19
1994-06-02,10.65355,2.859481,11.53
1994-06-03,10.7763,4.284764,10.3
1994-06-04,8.705497,0.6844977,10.27
1994-06-05,8.859462,0.5669993,9.383
1994-06-06,11.46134,0.977179,9.141
1994-06-07,11.06626,0.1210911,8.981
1994-06-08,8.064262,2.319228,9.366
1994-06-09,9.231629,0.9351297,11.15
1994-06-10,9.969825,0,8.822
1994-06-11,10.07066,0,8.307
1994-06-12,12.29688,0,8.188
1994-06-13,12.76242,0,7.852
1994-06-14,10.33279,0.01137725,7.753
1994-06-15,10.251,3.714105,8.56
1994-06-16,9.609711,6.524751,11.76
1994-06-17,10.64302,6.058017,9.943
1994-06-18,10.62331,3.616633,10.4
1994-06-19,12.43126,0.01709913,11.86
1994-06-20,12.76117,7.507385,9.431
1994-06-21,11.47673,3.601331,15.41
1994-06-22,10.40414,0.792149,14.47
1994-06-23,9.520029,2.354358,12.8
1994-06-24,13.96732,7.707518,11.32
1994-06-25,12.63406,1.223886,13.08
1994-06-26,10.92979,3.235928,12.04
1994-06-27,14.12452,0.1481703,16.81
1994-06-28,15.29288,0.07518297,12.24
1994-06-29,12.53215,0.02308716,10.4
1994-06-30,12.4149,0,10.02
1994-07-01,13.47249,0,8.078
1994-07-02,12.71939,0.009780439,7.653
1994-07-03,14.02963,0.779308,7.634
1994-07-04,14.39325,6.196673,7.818
1994-07-05,13.53025,1.810579,8.772
1994-07-06,12.08997,6.111577,9.702
1994-07-07,12.73601,0.3527611,12.56
1994-07-08,14.05802,0.6407186,9.139
1994-07-09,12.98443,2.884897,8.139
1994-07-10,13.73475,4.510579,12.4
1994-07-11,14.18458,0.543646,14.65
1994-07-12,14.48943,1.524884,12.11
1994-07-13,13.12652,0.0003992016,10.51
1994-07-14,12.35276,1.541983,10.58
1994-07-15,13.01215,0.008915502,8.66
1994-07-16,11.7969,0,7.975
1994-07-17,12.14433,0,7.502
1994-07-18,11.92616,0,7.215
1994-07-19,12.97255,0,7.021
1994-07-20,15.84819,1.386161,7.27
1994-07-21,14.57289,1.688889,9.362
1994-07-22,13.40509,0,7.344
1994-07-23,13.39089,0,6.723
1994-07-24,14.15494,1.8831,6.749
1994-07-25,15.93716,5.147505,6.789
1994-07-26,16.31393,2.522821,11.14
1994-07-27,13.93228,0.02002661,10.72
1994-07-28,13.13412,0,10.14
1994-07-29,13.19109,0,7.222
1994-07-30,15.10275,2.256088,6.8
1994-07-31,16.79276,16.53446,11.62
1994-08-01,16.56686,1.393679,13.23
1994-08-02,15.28688,0.7503659,8.596
1994-08-03,15.40993,5.845376,8.517
1994-08-04,16.62911,0.4701929,14.41
1994-08-05,15.0079,0.002528277,9.753
1994-08-06,12.21631,0.007518297,8.086
1994-08-07,12.8799,0.01590153,7.45
1994-08-08,13.19303,0.001397206,7.201
1994-08-09,11.96046,0.1528942,6.909
1994-08-10,11.58782,0.0500998,6.934
1994-08-11,11.94323,0.01044577,9.153
1994-08-12,11.92256,0.002262142,7.483
1994-08-13,9.25911,0,6.466
1994-08-14,8.74446,0,6.408
1994-08-15,11.83962,0.04517631,6.385
1994-08-16,11.41915,4.278842,6.56
1994-08-17,11.46687,2.152096,7.549
1994-08-18,10.84207,3.356221,9.774
1994-08-19,13.15303,1.032202,7.334
1994-08-20,12.4407,0.6519627,7.272
1994-08-21,12.30253,0.08303393,6.725
1994-08-22,11.7233,15.54365,6.762
1994-08-23,13.44454,6.589687,25.38
1994-08-24,11.4289,11.14784,28.81
1994-08-25,11.9596,3.628011,27.81
1994-08-26,12.48663,3.491883,17.5
1994-08-27,10.08413,3.88024,15.62
1994-08-28,10.01287,10.41524,18.62
1994-08-29,12.04308,2.145442,22.58
1994-08-30,10.7496,0.4319361,15.67
1994-08-31,10.15566,0.2442448,14.13
1994-09-01,11.72982,0,12.14
1994-09-02,10.33662,0.0002661344,9.661
1994-09-03,10.56075,7.943047,9.438
1994-09-04,12.29717,0.7880239,11.24
1994-09-05,10.5144,1.262076,9.779
1994-09-06,9.370257,9.078975,16.27
1994-09-07,8.922575,0.6163673,18.37
1994-09-08,9.508552,2.474052,13.76
1994-09-09,8.201329,4.605921,15.81
1994-09-10,9.216046,5.001663,18.07
1994-09-11,10.94633,4.029341,29.97
1994-09-12,9.086567,3.652628,26.52
1994-09-13,9.293211,0.3079175,22.64
1994-09-14,8.55945,0.7080506,17.45
1994-09-15,8.296976,2.749102,16.12
1994-09-16,7.875621,0.01317365,13.91
1994-09-17,8.080369,0,11.78
1994-09-18,7.03001,0.5442448,10.79
1994-09-19,9.047784,5.713373,11.22
1994-09-20,9.561884,1.972655,14.16
1994-09-21,11.07406,0.01031271,13.45
1994-09-22,11.10264,0.004790419,11.61
1994-09-23,11.69718,0.0003992016,10.15
1994-09-24,8.845788,0.1145043,10.12
1994-09-25,8.474428,0,9.67
1994-09-26,9.015036,0.4437791,9.137
1994-09-27,10.24973,0.04224883,8.627
1994-09-28,8.427953,0.3492349,8.537
1994-09-29,11.60361,0.1139721,8.699
1994-09-30,12.55152,3.775183,8.321
1994-10-01,9.219735,2.273653,9.251
1994-10-02,9.637034,8.717299,12.33
1994-10-03,3.569536,0.08855622,20.85
1994-10-04,3.058002,0.1664671,13.84
1994-10-05,6.578255,0.6709913,11.62
1994-10-06,8.742653,0.7252828,10.99
1994-10-07,11.25482,0.3453759,10.08
1994-10-08,9.365767,0.001197605,9.759
1994-10-09,8.163975,0.01716567,9.247
1994-10-10,8.958382,0.0255489,8.847
1994-10-11,8.44815,0,8.443
1994-10-12,7.922001,0.008915502,8.945
1994-10-13,7.035532,0.02049235,10.47
1994-10-14,7.796452,0.02994012,8.069
1994-10-15,8.091881,1.394212,7.966
1994-10-16,5.749768,0.009115103,8.035
1994-10-17,4.521958,0.001996008,7.764
1994-10-18,5.362684,0,7.477
1994-10-19,7.181862,12.52794,9.191
1994-10-20,9.131689,7.898802,35.18
1994-10-21,8.650511,4.652096,23.52
1994-10-22,9.850125,17.33846,38.17
1994-10-23,8.815147,0.8497006,63.65
1994-10-24,7.112194,0.760346,33.99
1994-10-25,6.920301,1.319694,26.51
1994-10-26,5.920431,1.747638,23.03
1994-10-27,5.531945,0.3526946,20.77
1994-10-28,5.850461,0.7815702,18.44
1994-10-29,3.954145,3.608184,17.92
1994-10-30,5.276751,11.94864,24.43
1994-10-31,7.205302,1.940186,57.34
1994-11-01,6.886442,0.1352628,33.7
1994-11-02,3.648194,4.981104,26.76
1994-11-03,7.352448,4.621224,33.08
1994-11-04,9.547274,7.859947,35.24
1994-11-05,7.11506,2.155023,47.81
1994-11-06,7.42238,0.3334664,38.86
1994-11-07,6.633515,0.3003327,32.19
1994-11-08,7.501976,4.951297,29.02
1994-11-09,9.243667,4.349967,44.47
1994-11-10,8.271752,2.394145,42.25
1994-11-11,7.540965,2.336128,37.17
1994-11-12,7.859492,14.00346,62
1994-11-13,9.455146,22.41584,183.5
1994-11-14,9.14762,16.63586,166.3
1994-11-15,7.300462,4.31843,146.3
1994-11-16,6.115988,7.312841,103.8
1994-11-17,4.879847,10.499,102.3
1994-11-18,7.046412,11.90685,137.7
1994-11-19,7.093304,2.95163,135.1
1994-11-20,7.529989,1.524285,96.78
1994-11-21,6.939527,0.9644045,72.83
1994-11-22,8.292294,2.793081,70.33
1994-11-23,10.9664,0.1348636,62.6
1994-11-24,5.915177,0.02022621,48.2
1994-11-25,6.54878,0.8514305,41.49
1994-11-26,9.245361,0.2341983,37.28
1994-11-27,8.29384,0.1475715,33.03
1994-11-28,5.325139,0.009447771,29.42
1994-11-29,3.059565,0.02900865,26.83
1994-11-30,1.321955,0.01876247,24.8
1994-12-01,4.171482,0.02401863,23.13
1994-12-02,5.738536,3.536261,21.5
1994-12-03,7.179412,6.870526,34
1994-12-04,3.242188,3.797538,29.71
1994-12-05,2.321488,10.91643,37.36
1994-12-06,2.93763,13.94158,51.7
1994-12-07,3.628904,29.92961,99.09
1994-12-08,2.70974,4.087957,189.9
1994-12-09,4.833145,2.401397,103.7
1994-12-10,8.110068,37.58184,196.6
1994-12-11,10.06133,40.05802,551
1994-12-12,8.702321,1.030805,458.2
1994-12-13,3.913303,0.1981371,170.5
1994-12-14,-0.7896221,0.04670659,110.2
1994-12-15,1.266116,1.730472,86.68
1994-12-16,4.174398,1.725083,71.08
1994-12-17,5.023615,15.54677,109.1
1994-12-18,2.436884,6.112641,92.24
1994-12-19,1.709886,2.841783,77.79
1994-12-20,1.356744,0.01403859,63.16
1994-12-21,-1.860469,0.01037924,51.51
1994-12-22,-1.446626,0.2102462,44.91
1994-12-23,1.074508,2.730007,45.75
1994-12-24,4.912219,0.1502994,52.51
1994-12-25,4.802552,7,52.64
1994-12-26,2.572519,6.466999,55.1
1994-12-27,1.9677,7.085496,51.74
1994-12-28,3.682483,15.32841,133.9
1994-12-29,4.408873,17.76613,131.4
1994-12-30,3.973612,6.803526,176.3
1994-12-31,0.1190361,0.08343313,108.3
1995-01-01,-1.776418,0.1669328,75.6
1995-01-02,-1.769099,0.003725881,58.59
1995-01-03,-3.588431,0.6294744,49.28
1995-01-04,0.5461946,6.945442,46.12
1995-01-05,3.345933,3.055422,88.05
1995-01-06,3.346566,2.825749,54.2
1995-01-07,4.057415,2.221291,53.58
1995-01-08,3.835673,5.794744,50.45
1995-01-09,5.026518,5.156154,66.23
1995-01-10,2.951027,7.813706,68.69
1995-01-11,-0.232731,0.03992016,55.94
1995-01-12,1.256104,0.8929474,45.46
1995-01-13,2.584242,0.8447106,44.22
1995-01-14,6.540798,1.197937,42.96
1995-01-15,3.218076,6.906587,43.11
1995-01-16,4.501181,10.9819,92.22
1995-01-17,2.572841,19.67066,120.7
1995-01-18,1.362907,4.986959,107.8
1995-01-19,0.810896,12.32222,80.65
1995-01-20,0.7452947,0.6803061,70.03
1995-01-21,1.082083,20.49182,83.31
1995-01-22,1.623445,4.697339,92.93
1995-01-23,1.700618,0.5180971,89.85
1995-01-24,2.212921,0.9894877,74.05
1995-01-25,-1.014323,5.577046,62.97
1995-01-26,-0.8131316,0.01836327,53.57
1995-01-27,-1.061553,9.416567,47.06
1995-01-28,0.04459466,3.042448,77.84
1995-01-29,1.582097,1.186094,86.66
1995-01-30,0.3421403,27.12954,74.45
1995-01-31,0.5400299,9.82841,420.1
1995-02-01,4.470575,2.281903,175.7
1995-02-02,2.73908,9.743646,112.2
1995-02-03,3.689467,4.724684,170.4
1995-02-04,5.750015,0.2763806,117.6
1995-02-05,6.200586,2.572322,89.7
1995-02-06,7.77469,0.9135729,79.84
1995-02-07,3.465173,0.00758483,64.38
1995-02-08,-1.577321,0.03599468,51.79
1995-02-09,-2.802552,0.5646707,43.29
1995-02-10,-1.627825,2.542914,39.82
1995-02-11,2.742274,11.73307,63.58
1995-02-12,4.724773,6.793214,83.3
1995-02-13,3.911919,6.064072,70.69
1995-02-14,4.486279,8.949035,84.46
1995-02-15,4.488578,1.600532,75.39
1995-02-16,3.572922,4.413041,60.15
1995-02-17,2.90821,1.862675,55.22
1995-02-18,2.876042,13.30326,75.02
1995-02-19,3.201069,7.12149,90.16
1995-02-20,2.493086,9.824817,81.91
1995-02-21,2.240776,11.39228,86.35
1995-02-22,2.426533,15.00206,155.8
1995-02-23,2.445032,0.3678643,122.4
1995-02-24,0.7017833,1.794012,88.92
1995-02-25,1.114013,0.000332668,70.19
1995-02-26,0.2867337,1.179375,56.21
1995-02-27,3.812872,4.321956,63.27
1995-02-28,5.865329,17.33992,118.3
1995-03-01,1.193184,2.731737,104.2
1995-03-02,-0.3111358,0.3051896,69.68
1995-03-03,-2.541029,0.0164338,55.28
1995-03-04,-2.042194,13.04963,47.97
1995-03-05,0.2841875,2.114438,51.38
1995-03-06,0.9050826,4.487625,44.33
1995-03-07,-0.1437554,4.778776,40.54
1995-03-08,0.0313735,0.4556886,37
1995-03-09,1.960892,5.593812,37.73
1995-03-10,4.80804,19.69295,139
1995-03-11,5.963294,0.599002,239.9
1995-03-12,3.102097,0.1830339,98.17
1995-03-13,6.498227,0.7967399,75.81
1995-03-14,4.543258,8.389887,66.44
1995-03-15,0.7117571,4.984897,58.02
1995-03-16,1.814097,7.334398,76.88
1995-03-17,1.881164,5.632335,87.16
1995-03-18,2.171897,2.273453,67.97
1995-03-19,1.596971,0.07245509,55.22
1995-03-20,2.031782,0.001596806,45.69
1995-03-21,2.339567,0,40.06
1995-03-22,4.368915,0.006254158,38.1
1995-03-23,6.561058,1.86181,38.77
1995-03-24,5.265802,6.677312,46.97
1995-03-25,3.439843,3.969128,46.54
1995-03-26,4.701284,10.72841,54.8
1995-03-27,0.212602,1.262874,53.24
1995-03-28,0.07765746,2.442981,44.01
1995-03-29,-0.09467468,1.253227,38.05
1995-03-30,3.722582,2.402927,43.01
1995-03-31,8.114516,0.7685961,46.62
1995-04-01,9.44712,0.1161011,40.4
1995-04-02,9.096315,0.02468397,35.28
1995-04-03,7.314222,3.041317,33.07
1995-04-04,4.293304,2.647372,31.64
1995-04-05,6.561688,1.745176,34.49
1995-04-06,8.28172,0.1917498,32.21
1995-04-07,8.731404,0.03938789,27.86
1995-04-08,4.102391,0,24.96
1995-04-09,4.862767,1.22495,23.49
1995-04-10,8.587674,0.001996008,22.18
1995-04-11,8.576271,0.3351963,20.62
1995-04-12,6.527588,0,19.19
1995-04-13,7.3692,0.001796407,17.83
1995-04-14,7.019302,0.02987359,17.01
1995-04-15,7.085255,0,16.37
1995-04-16,6.498005,0.5696607,15.77
1995-04-17,5.128877,7.207651,17.06
1995-04-18,1.738775,1.568263,17.31
1995-04-19,1.868109,0.06493679,16.18
1995-04-20,3.156121,0.2421158,15.01
1995-04-21,3.582453,3.142182,14.57
1995-04-22,2.643156,11.40359,16.27
1995-04-23,6.339891,1.179574,22.27
1995-04-24,6.106718,0.4818363,17.37
1995-04-25,7.463184,0.09926813,16.13
1995-04-26,4.406018,0.05535595,15
1995-04-27,3.574982,0.001197605,14
1995-04-28,3.703368,0.003393213,13.13
1995-04-29,4.616987,0.2431803,12.83
1995-04-30,8.906713,0.01689953,12.61
1995-05-01,11.50929,0.008050565,12.23
1995-05-02,12.19751,0.001596806,11.73
1995-05-03,12.80322,0,11.25
1995-05-04,13.38811,0.5017299,11.44
1995-05-05,11.15178,0.006786427,12.65
1995-05-06,9.101648,3.343912,10.37
1995-05-07,10.75325,0.4240852,10.54
1995-05-08,8.71906,3.640386,10.63
1995-05-09,6.12213,2.736593,10.42
1995-05-10,5.30068,6.65E-05,11.31
1995-05-11,3.119983,1.691084,12.6
1995-05-12,3.193651,0.539654,10.17
1995-05-13,2.884817,0.4862275,9.677
1995-05-14,4.012307,0.2043247,9.42
1995-05-15,3.690698,0.0257485,9.238
1995-05-16,3.100839,0.8860279,9.096
1995-05-17,3.69623,1.747106,10.16
1995-05-18,3.830495,5.79521,11.97
1995-05-19,5.605232,1.043313,9.899
1995-05-20,7.645963,0.008582834,8.933
1995-05-21,8.31379,0.03852295,8.603
1995-05-22,10.18993,1.654025,8.465
1995-05-23,11.76291,0.00259481,8.411
1995-05-24,11.06128,10.98636,9.678
1995-05-25,10.6764,2.052428,13.19
1995-05-26,11.05658,3.201663,9.658
1995-05-27,12.03259,19.99494,13.8
1995-05-28,12.27012,8.541051,45.18
1995-05-29,11.28747,2.55336,36.83
1995-05-30,11.15466,1.179907,23.87
1995-05-31,9.777127,1.497272,18.77
1995-06-01,10.21065,2.658882,17.23
1995-06-02,9.701727,1.573187,14.83
1995-06-03,9.642242,5.420559,15.4
1995-06-04,10.00721,1.526813,18.98
1995-06-05,8.227145,0.89501,15.02
1995-06-06,11.06278,0.8712575,13.61
1995-06-07,8.967732,3.275848,13.38
1995-06-08,8.31377,0.03912176,12.84
1995-06-09,9.913218,0,11.33
1995-06-10,10.04901,0.7016633,10.84
1995-06-11,9.596166,0.2554225,10.63
1995-06-12,8.071152,0.0172322,9.967
1995-06-13,9.369078,0,9.425
1995-06-14,11.28573,0,10.03
1995-06-15,11.12041,0,11.51
1995-06-16,9.259591,1.586228,9.33
1995-06-17,11.87736,0.5467066,9.225
1995-06-18,10.22911,2.204258,8.934
1995-06-19,12.91333,9.688889,9.003
1995-06-20,13.44461,0.04664005,14.91
1995-06-21,10.73218,0,11.63
1995-06-22,12.71561,0,11.3
1995-06-23,12.41098,0.01004657,8.431
1995-06-24,14.10821,0,7.928
1995-06-25,14.50301,0,7.603
1995-06-26,14.8851,0,7.268
1995-06-27,15.03794,0,7.001
1995-06-28,15.98407,0,7.389
1995-06-29,15.34054,0,9.21
1995-06-30,13.93298,0,6.888
1995-07-01,11.66735,0,6.691
1995-07-02,11.27579,1.373852,6.712
1995-07-03,11.23363,0.1313373,6.79
1995-07-04,12.47556,0.01483699,6.552
1995-07-05,11.03123,0.7136394,7.264
1995-07-06,14.30744,2.112242,9.244
1995-07-07,14.13601,0.1285429,7.013
1995-07-08,12.08362,0.03546241,6.67
1995-07-09,14.42727,0,6.294
1995-07-10,14.27054,0,6.004
1995-07-11,16.0828,7.849701,6.061
1995-07-12,16.09285,0.01676647,7.458
1995-07-13,14.85671,0.9992681,9.102
1995-07-14,14.51626,14.73573,9.273
1995-07-15,14.26542,6.64644,10.21
1995-07-16,13.35249,3.214238,8.933
1995-07-17,14.08673,5.130273,8.309
1995-07-18,14.78201,0.8087824,10.2
1995-07-19,16.40281,0.1242848,8.397
1995-07-20,17.57984,6.061011,7.997
1995-07-21,13.6056,0.2285429,9.033
1995-07-22,12.49877,0.3467066,7.371
1995-07-23,14.24459,3.215037,6.979
1995-07-24,13.48237,0.04184963,7.37
1995-07-25,16.93897,0,6.875
1995-07-26,16.89556,0.0002661344,5.82
1995-07-27,17.43638,0.0754491,8.715
1995-07-28,15.66022,0.07904192,5.25
1995-07-29,17.89542,0,4.779
1995-07-30,16.79966,4.095675,4.874
1995-07-31,18.34761,0.0170326,6.188
1995-08-01,19.03847,0.006187625,5.038
1995-08-02,19.08454,0.003193613,5.254
1995-08-03,16.59967,0,7.37
1995-08-04,14.40674,0,4.674
1995-08-05,13.23452,0,4.502
1995-08-06,13.49949,0,4.427
1995-08-07,13.38174,0,4.287
1995-08-08,12.18639,0,4.351
1995-08-09,13.84865,0,4.696
1995-08-10,14.79539,0,7.167
1995-08-11,17.56127,0.2379241,4.157
1995-08-12,17.57018,1.305589,4.038
1995-08-13,14.56491,0.1315369,4.118
1995-08-14,15.45391,0,4.126
1995-08-15,16.06632,0,4.062
1995-08-16,16.87403,0,4.403
1995-08-17,16.58609,0,8.092
1995-08-18,17.7189,0.8535595,7.058
1995-08-19,18.32512,0.1333333,4.262
1995-08-20,18.55459,0,4.135
1995-08-21,18.57644,0,3.94
1995-08-22,17.39995,1.474917,4.126
1995-08-23,13.9111,0.3199601,6.495
1995-08-24,13.63018,7.788024,7.857
1995-08-25,14.84321,6.01151,6.765
1995-08-26,11.90603,5.592548,8.896
1995-08-27,11.76139,0.5630073,8.452
1995-08-28,10.43249,4.620825,7.6
1995-08-29,11.90543,1.228609,7.439
1995-08-30,13.47962,0.02155689,6.44
1995-08-31,13.97467,0.003592814,7.576
1995-09-01,12.93048,10.70113,5.645
1995-09-02,11.23337,13.41337,7.157
1995-09-03,11.98823,4.937791,13.17
1995-09-04,11.10502,16.46081,10.49
1995-09-05,10.33077,4.039854,17.54
1995-09-06,11.81683,6.089953,15.99
1995-09-07,11.88576,14.45482,16.34
1995-09-08,12.56171,10.96028,41.55
1995-09-09,11.73332,0.3884232,25.63
1995-09-10,12.03979,4.166534,18.18
1995-09-11,11.61095,1.655356,15.92
1995-09-12,11.66803,0.2349301,14.12
1995-09-13,11.4746,0.002994012,12.14
1995-09-14,10.81384,0,10.79
1995-09-15,10.96918,0,9.728
1995-09-16,10.55809,0.1112442,9.171
1995-09-17,11.5314,1.392881,8.861
1995-09-18,12.14931,1.176647,8.563
1995-09-19,11.58706,0.2441118,8.349
1995-09-20,10.53354,0.08689288,8.181
1995-09-21,11.07788,0.2231537,8.219
1995-09-22,11.95398,1.157352,7.512
1995-09-23,10.84769,19.39082,7.879
1995-09-24,9.986684,1.142515,19.82
1995-09-25,9.515647,5.306653,16.98
1995-09-26,9.881444,5.674118,17.83
1995-09-27,6.776907,0.5017964,15.72
1995-09-28,5.072859,0.2145709,13.9
1995-09-29,7.119355,0.009514305,11.59
1995-09-30,7.115619,4.518496,10.69
1995-10-01,9.333692,5.72648,14.53
1995-10-02,10.96226,16.81989,21.75
1995-10-03,11.3908,8.834997,48.62
1995-10-04,11.45825,2.334731,48.65
1995-10-05,10.69875,8.141051,32.01
1995-10-06,11.81047,12.15063,80.11
1995-10-07,11.88489,3.883965,52.51
1995-10-08,14.15269,0.08389887,45.73
1995-10-09,14.32859,1.031071,32.43
1995-10-10,9.765102,0.01862941,26.39
1995-10-11,9.543731,4.452894,22.75
1995-10-12,11.22223,27.50905,72.16
1995-10-13,11.41026,0.2136394,89.22
1995-10-14,11.98234,1.295742,50.77
1995-10-15,12.00212,1.742582,43.67
1995-10-16,11.77568,3.269128,36
1995-10-17,13.3759,1.078177,39.53
1995-10-18,9.01657,0.6410512,31.54
1995-10-19,10.82156,4.456221,27.34
1995-10-20,7.371093,0.03526281,27.4
1995-10-21,5.131716,6.250832,23.68
1995-10-22,7.394885,15.30486,55.34
1995-10-23,11.10163,1.381304,84.2
1995-10-24,11.76364,17.16121,76.15
1995-10-25,8.549886,25.10379,90.83
1995-10-26,8.916028,16.80259,261.7
1995-10-27,6.648278,2.684232,148.8
1995-10-28,6.187966,0.5172322,92.87
1995-10-29,4.48335,1.297472,69.2
1995-10-30,7.408034,1.033599,57.59
1995-10-31,9.521202,3.854757,51.24
1995-11-01,8.040748,0.05123087,44.69
1995-11-02,5.555756,0.0172322,37.87
1995-11-03,3.576339,0.03013972,33.04
1995-11-04,2.89465,0,29.36
1995-11-05,3.653595,0.00166334,26.68
1995-11-06,5.221337,0.9765802,24.35
1995-11-07,8.052655,0.1566866,22.71
1995-11-08,9.405486,0.4135063,21.3
1995-11-09,3.054607,0.02674651,20.1
1995-11-10,2.905583,1.240319,18.96
1995-11-11,5.912636,17.72735,40.15
1995-11-12,8.119065,0.06500333,47.59
1995-11-13,8.906807,6.65E-05,32.62
1995-11-14,6.892521,4.512841,28.7
1995-11-15,5.463678,34.9813,116.3
1995-11-16,2.035247,0.7239521,123.5
1995-11-17,-0.136979,0.03612774,71.19
1995-11-18,0.8113252,0.01197605,53.23
1995-11-19,2.971142,0.002062542,44.78
1995-11-20,3.968757,0.628809,38.96
1995-11-21,5.866937,2.503792,35.33
1995-11-22,7.783168,0.7170326,34.18
1995-11-23,8.024315,12.84531,37.7
1995-11-24,9.642747,10.45017,100.5
1995-11-25,6.680453,6.944578,84.97
1995-11-26,3.266202,0.2914837,75.58
1995-11-27,4.240712,0.570326,55.34
1995-11-28,5.533536,1.058416,45.43
1995-11-29,6.565468,0.5875582,39.78
1995-11-30,5.795408,0.03107119,35.17
1995-12-01,5.370911,0.08789088,31.37
1995-12-02,6.469733,1.267798,28.53
1995-12-03,7.838955,4.220625,31.03
1995-12-04,4.249787,0.7170326,29.88
1995-12-05,1.331894,1.124019,26.71
1995-12-06,0.8692855,2.077379,25.22
1995-12-07,-0.003244601,0.3822355,24.27
1995-12-08,-2.113133,0.05402528,21.85
1995-12-09,0.09692566,0.08882235,20.94
1995-12-10,2.912013,0.02375249,21.17
1995-12-11,0.9087346,0.08270126,19.72
1995-12-12,1.44936,0.1030605,18.55
1995-12-13,1.336392,1.739454,17.95
1995-12-14,2.601152,0.8575516,17.84
1995-12-15,2.502638,2.647172,17.55
1995-12-16,3.05535,0.180173,18.39
1995-12-17,2.984007,0.3898869,17.14
1995-12-18,1.880449,4.938523,16.95
1995-12-19,0.9868727,0.04644045,19.63
1995-12-20,-3.523678,0,16.81
1995-12-21,-3.277893,9.606853,15.96
1995-12-22,-1.338738,14.41244,28.92
1995-12-23,0.1285261,1.393347,27.54
1995-12-24,-2.828681,2.193945,21.08
1995-12-25,-3.511243,0.06926148,16.95
1995-12-26,-6.979021,0,14.97
1995-12-27,-9.279814,0,13.71
1995-12-28,-8.791035,0,12.41
1995-12-29,-7.573226,0.01111111,11.2
1995-12-30,-5.833447,0.1194278,10.31
1995-12-31,-0.9747578,5.4165,9.366
1996-01-01,1.69245,0.7302728,10.78
1996-01-02,1.939884,0.03619428,14.3
1996-01-03,2.722619,1.43819,23.06
1996-01-04,2.702797,6.808117,48.48
1996-01-05,4.177176,3.462209,62.49
1996-01-06,3.021432,10.35649,57.12
1996-01-07,4.046093,4.766401,89.19
1996-01-08,5.825475,18.89042,136.3
1996-01-09,7.099425,5.737059,130.8
1996-01-10,3.981197,0.3898204,97.21
1996-01-11,3.499309,8.655888,83.75
1996-01-12,6.385071,11.04032,94.77
1996-01-13,6.34367,3.292814,100.9
1996-01-14,7.004802,0.5055223,85.23
1996-01-15,6.692421,0.2428476,64.62
1996-01-16,5.064809,0.1028609,52.88
1996-01-17,5.917949,0.3715236,45.46
1996-01-18,5.733493,0.04171657,40.14
1996-01-19,4.029942,0.06779774,35.13
1996-01-20,2.919632,0.3141051,31.43
1996-01-21,0.7314416,0.8367265,28.04
1996-01-22,1.554474,0.06087824,25.99
1996-01-23,1.108309,0.006254158,23.63
1996-01-24,1.057405,0.01889554,21.62
1996-01-25,-0.7853213,0.6826347,19.97
1996-01-26,-1.773689,8.647638,18.72
1996-01-27,-1.396388,6.882967,17.49
1996-01-28,-0.1453906,0.07032601,18.67
1996-01-29,-1.235296,0.004856953,17.17
1996-01-30,-0.2538179,0.0007984032,16.27
1996-01-31,-1.187955,0.03592814,15.68
1996-02-01,-1.890269,0.01676647,14.86
1996-02-02,-0.5758964,0.08157019,14.64
1996-02-03,-0.4973307,0.1885562,14.03
1996-02-04,-1.584077,0.2747838,13.61
1996-02-05,-1.380219,10.29528,13.21
1996-02-06,-2.65656,3.809847,13.22
1996-02-07,-3.871787,1.808184,13.22
1996-02-08,-1.557812,6.503593,12.89
1996-02-09,0.7240669,23.41224,26
1996-02-10,3.351367,4.176314,142.4
1996-02-11,3.063147,27.25888,137.6
1996-02-12,2.125084,4.411178,229.6
1996-02-13,0.9747169,0.4176314,126.9
1996-02-14,-0.8933402,0.1257485,81.73
1996-02-15,5.077577,2.267864,113.7
1996-02-16,5.039523,3.083433,157.3
1996-02-17,3.66508,12.45802,110.9
1996-02-18,1.531881,2.540985,111.3
1996-02-19,-1.031422,2.652761,71.43
1996-02-20,-1.417539,0.6928809,56.15
1996-02-21,-1.626984,4.984298,49
1996-02-22,1.649949,0.3330672,51.86
1996-02-23,3.102644,4.149767,59.31
1996-02-24,2.668184,8.205256,68.95
1996-02-25,0.05127451,0.2442448,59.19
1996-02-26,-0.7030738,0.08043912,47.19
1996-02-27,1.415263,0.0156354,40.61
1996-02-28,1.428916,0.03918829,36.13
1996-02-29,4.532435,0.004391217,34.61
1996-03-01,4.251438,0.01616766,33.64
1996-03-02,4.65152,0.2379241,32.22
1996-03-03,5.371185,0.5622089,34.88
1996-03-04,3.620802,0.005389221,33.17
1996-03-05,3.267068,0.03805722,28.54
1996-03-06,4.646254,0.251497,25.92
1996-03-07,3.266113,0.1033932,24.68
1996-03-08,1.674726,1.854957,23.37
1996-03-09,2.199743,0.02408516,22.1
1996-03-10,2.760118,0.04664005,20.24
1996-03-11,3.279404,13.1358,25.25
1996-03-12,-0.2101113,4.055156,44.22
1996-03-13,-1.461395,1.563806,28.02
1996-03-14,-0.5795923,0.07172322,23.72
1996-03-15,0.6744797,0.06380572,21.35
1996-03-16,0.8972308,4.310911,20.63
1996-03-17,1.223111,0.1399867,21.59
1996-03-18,1.713845,0.09800399,21.39
1996-03-19,1.659874,0.2300732,21.38
1996-03-20,0.8663717,0.5648037,19.95
1996-03-21,2.008106,0.1065868,18.99
1996-03-22,1.183331,0.1831005,18.16
1996-03-23,2.357499,0.004723885,17.27
1996-03-24,2.1559,0.005588822,17.04
1996-03-25,1.981838,0.5405855,16.61
1996-03-26,1.504366,0.04271457,15.99
1996-03-27,1.247789,1.176979,15.09
1996-03-28,3.159872,0.1143713,14.82
1996-03-29,1.652924,0,13.87
1996-03-30,1.162497,0.0001996008,13.15
1996-03-31,2.063208,0.005056553,12.67
1996-04-01,1.667921,1.113706,12.29
1996-04-02,3.0945,0.016833,12.07
1996-04-03,4.481005,0.0008649368,11.73
1996-04-04,4.061657,0,11.45
1996-04-05,4.007723,0.00758483,11.06
1996-04-06,3.321226,0,10.88
1996-04-07,4.125021,0.02122422,10.78
1996-04-08,6.845548,0.4162342,10.86
1996-04-09,9.38214,0.8970725,11.83
1996-04-10,6.793566,4.873786,13.38
1996-04-11,4.600955,1.517033,14.14
1996-04-12,1.716665,0.2805722,12.12
1996-04-13,2.127175,0.001197605,11.05
1996-04-14,3.818289,2.823952,10.77
1996-04-15,8.324619,2.564271,10.99
1996-04-16,9.639531,9.124751,21.83
1996-04-17,7.270417,13.9835,30.45
1996-04-18,6.269419,2.91823,64.99
1996-04-19,7.841188,1.149767,37.6
1996-04-20,7.56602,5.385695,30.5
1996-04-21,7.069983,4.088756,30.08
1996-04-22,8.63657,8.403393,28.14
1996-04-23,6.066956,4.606919,42.84
1996-04-24,7.258952,1.719827,35.96
1996-04-25,8.279436,3.199002,30.79
1996-04-26,9.548427,3.608184,33.32
1996-04-27,7.760923,0.5102462,32.24
1996-04-28,5.375125,1.402794,25.81
1996-04-29,5.420101,2.741583,24.54
1996-04-30,3.904468,15.82575,28.86
1996-05-01,3.079457,7.976381,66.73
1996-05-02,3.507355,0.06566866,55.28
1996-05-03,2.960025,0.2887558,42.7
1996-05-04,3.28856,0.1330672,34.88
1996-05-05,4.797359,1.338723,31.42
1996-05-06,5.676932,1.218829,28.8
1996-05-07,5.305626,0.1990685,25.82
1996-05-08,5.250203,0.004923486,22.98
1996-05-09,4.384543,0.04457751,20.4
1996-05-10,4.577737,2.748769,18.77
1996-05-11,4.497425,1.486361,19.37
1996-05-12,5.718794,0.7348636,18.18
1996-05-13,8.108839,0.0001330672,16.51
1996-05-14,8.464401,0.01896208,15.07
1996-05-15,5.939474,0.06872921,14.42
1996-05-16,4.476197,0.4804391,13.88
1996-05-17,3.619241,0.1722555,13.12
1996-05-18,3.746067,2.744644,12.68
1996-05-19,5.504199,2.888756,13.27
1996-05-20,6.99059,1.881238,13.18
1996-05-21,7.780827,1.71843,12.54
1996-05-22,7.758962,5.749368,15.32
1996-05-23,8.977883,3.685895,18.27
1996-05-24,8.642382,3.383167,17.61
1996-05-25,9.036193,0.5494345,16.67
1996-05-26,7.879639,8.849967,17.54
1996-05-27,8.632461,0.05815037,21.16
1996-05-28,8.377018,7.074784,19.06
1996-05-29,11.41998,2.315436,22.52
1996-05-30,11.33231,5.308583,20.36
1996-05-31,9.948311,2.208516,25.22
1996-06-01,8.453365,0.666334,20.9
1996-06-02,8.833705,1.916766,18.06
1996-06-03,8.4881,6.479375,20.61
1996-06-04,11.5407,1.829674,22.08
1996-06-05,11.92257,1.589088,19.97
1996-06-06,12.92868,0.07351963,18.38
1996-06-07,13.29234,0.007717897,15.19
1996-06-08,11.92475,0,13.23
1996-06-09,11.49072,7.139122,12.48
1996-06-10,12.78269,2.084697,21.33
1996-06-11,11.60222,7.822422,33.86
1996-06-12,10.07875,0.26833,27.16
1996-06-13,10.49985,0,18.21
1996-06-14,12.32579,0,14.79
1996-06-15,13.14487,0.0002661344,12.8
1996-06-16,15.22035,0,11.55
1996-06-17,13.04464,0,10.57
1996-06-18,10.42041,0,10.01
1996-06-19,10.24869,0,9.845
1996-06-20,8.957276,0,9.667
1996-06-21,8.435203,0.009846973,8.901
1996-06-22,9.762625,0,8.548
1996-06-23,10.85296,0,8.114
1996-06-24,12.89807,0.01450432,7.724
1996-06-25,13.24249,2.842781,7.56
1996-06-26,12.60531,0.3872255,8.38
1996-06-27,11.81904,5.586028,9.504
1996-06-28,12.16484,1.626214,8.088
1996-06-29,10.86824,0.1564205,7.888
1996-06-30,11.0909,2.214238,7.35
1996-07-01,9.967105,7.657751,8.126
1996-07-02,10.75756,10.59401,8.911
1996-07-03,11.14046,9.392748,17.66
1996-07-04,10.34688,3.5332,17.07
1996-07-05,10.74734,0.145642,12.72
1996-07-06,10.70772,0.1374584,9.874
1996-07-07,10.94654,0.2087824,9.078
1996-07-08,10.76458,0.4939454,8.312
1996-07-09,12.78144,0.04085163,7.667
1996-07-10,13.97266,0.1625416,7.993
1996-07-11,14.05424,0.9417831,9.328
1996-07-12,12.83297,0.01896208,7.182
1996-07-13,13.97377,0.7944777,6.893
1996-07-14,12.5031,0.01803061,6.666
1996-07-15,11.64766,0,6.32
1996-07-16,11.7544,0,6.137
1996-07-17,13.1468,0,6.554
1996-07-18,13.67398,6.65E-05,8.219
1996-07-19,15.46301,0,5.864
1996-07-20,16.02674,0,5.559
1996-07-21,15.48511,9.46314,5.585
1996-07-22,15.94626,1.056154,6.481
1996-07-23,14.2306,15.69927,6.616
1996-07-24,12.05744,0.01230872,11.25
1996-07-25,13.72098,1.941517,9.753
1996-07-26,13.9979,0.06314038,7.075
1996-07-27,12.31486,0.0007984032,6.457
1996-07-28,12.8332,2.436527,6.223
1996-07-29,13.12369,0.3027944,6.188
1996-07-30,12.61915,1.380905,6.196
1996-07-31,11.6951,1.965536,6.672
1996-08-01,11.79443,1.287359,8.38
1996-08-02,11.80982,0.1146374,6.13
1996-08-03,13.22148,0.004391217,5.762
1996-08-04,13.93264,0.008715901,5.548
1996-08-05,15.96049,0,5.407
1996-08-06,14.31871,4.436194,5.602
1996-08-07,13.06404,0.5093147,6.836
1996-08-08,13.25469,2.198802,8.446
1996-08-09,14.15904,3.348969,5.83
1996-08-10,13.60295,6.663939,6.896
1996-08-11,13.3088,0.0512974,6.765
1996-08-12,14.11808,0.001064538,5.936
1996-08-13,13.32433,0,5.601
1996-08-14,13.68057,0,5.958
1996-08-15,14.46248,0,7.974
1996-08-16,15.27442,0,5.405
1996-08-17,14.9188,6.65E-05,5.264
1996-08-18,17.90984,0.001064538,5.174
1996-08-19,16.94986,0.8076514,5.095
1996-08-20,15.27425,8.469328,5.371
1996-08-21,13.51957,4.118297,8.514
1996-08-22,13.96839,5.109448,9.011
1996-08-23,13.57595,0.5980705,6.601
1996-08-24,11.33299,6.273919,7.384
1996-08-25,11.88259,0.9391218,8.064
1996-08-26,11.79017,6.274983,7.603
1996-08-27,11.99937,1.494677,8.909
1996-08-28,12.09755,0.006852961,8.355
1996-08-29,11.85249,0.03579508,8.882
1996-08-30,11.12341,0.09401197,6.254
1996-08-31,10.99343,0.01570193,5.795
1996-09-01,11.78893,4.607784,5.816
1996-09-02,16.04145,0.02042581,6.033
1996-09-03,14.52218,0.06892881,5.823
1996-09-04,13.2814,0.08030605,6.077
1996-09-05,11.36426,0.1472389,8.258
1996-09-06,10.87503,0.003858949,5.658
1996-09-07,10.54167,0.009846973,5.302
1996-09-08,11.17033,0,5.174
1996-09-09,10.70369,0,5.129
1996-09-10,11.81979,0.227678,5.046
1996-09-11,11.39007,0.01829674,5.484
1996-09-12,9.700738,0.007651364,7.608
1996-09-13,8.398841,0,5.086
1996-09-14,9.747454,0.009846973,4.812
1996-09-15,10.9828,0.017831,4.749
1996-09-16,11.53732,0,4.723
1996-09-17,11.97068,0,4.643
1996-09-18,11.14671,0,4.61
1996-09-19,10.08742,0,5.076
1996-09-20,10.99522,0.066334,4.533
1996-09-21,10.89526,0.08103792,4.555
1996-09-22,8.876004,0,4.536
1996-09-23,9.938231,0.1572854,4.478
1996-09-24,10.75806,1.727944,4.453
1996-09-25,11.75943,0.0827678,4.868
1996-09-26,11.78198,6.020093,7.303
1996-09-27,10.48726,2.772522,5.758
1996-09-28,10.37585,15.59195,6.561
1996-09-29,10.49691,1.554957,15.91
1996-09-30,8.890961,1.479574,8.234
1996-10-01,7.566422,0.1581504,6.452
1996-10-02,8.086588,1.540918,5.537
1996-10-03,9.59738,17.91311,15.23
1996-10-04,7.162825,1.971524,14.35
1996-10-05,8.118913,3.57179,9.167
1996-10-06,11.42368,1.171723,7.959
1996-10-07,10.76786,1.261677,7.186
1996-10-08,6.878095,0.279308,6.787
1996-10-09,8.364202,0.02248836,6.328
1996-10-10,6.785612,0.09274784,6.357
1996-10-11,9.518964,21.85795,11.24
1996-10-12,10.72713,7.389554,76.02
1996-10-13,12.11536,0.04031936,30.06
1996-10-14,12.01439,16.365,21.24
1996-10-15,8.050716,11.00299,44.68
1996-10-16,6.042394,10.71963,63.25
1996-10-17,6.879271,2.913706,38.02
1996-10-18,9.005978,7.447572,31.76
1996-10-19,8.481793,0.8572854,31.22
1996-10-20,10.54751,3.195875,25.51
1996-10-21,8.357999,0.8662009,23.41
1996-10-22,9.049591,0.5399867,18.93
1996-10-23,12.94703,0.008183633,16.67
1996-10-24,12.1922,23.96647,25.69
1996-10-25,10.05706,6.564737,64
1996-10-26,7.401511,15.54571,49.11
1996-10-27,9.400557,14.94105,119.8
1996-10-28,8.302744,11.95868,152.2
1996-10-29,4.556469,0.4838989,86.76
1996-10-30,7.238686,4.177179,57.18
1996-10-31,9.433264,1.54491,62.33
1996-11-01,9.572852,4.291617,47.32
1996-11-02,11.94527,13.61863,51.44
1996-11-03,10.35255,10.42329,91.05
1996-11-04,7.749497,6.789088,102.4
1996-11-05,5.186098,18.57265,111.4
1996-11-06,5.82169,12.32355,135.4
1996-11-07,1.13898,0.2594145,96.2
1996-11-08,2.392287,6.980506,72.81
1996-11-09,2.229414,0.01131071,65.16
1996-11-10,-0.5875801,0.1324019,51.06
1996-11-11,0.7336904,16.67106,67.92
1996-11-12,2.714207,0.1407851,77.09
1996-11-13,2.097548,4.610712,54.85
1996-11-14,6.526301,0.102994,51.57
1996-11-15,7.665829,0.2680639,42.6
1996-11-16,7.510395,7.055689,38.57
1996-11-17,1.862934,0,43.36
1996-11-18,-3.135077,0.008050565,35.31
1996-11-19,-1.671365,18.14963,34.29
1996-11-20,-0.1625672,0.1935462,35.11
1996-11-21,-0.5159521,4.227545,30.65
1996-11-22,-0.8292507,0.2348636,32.93
1996-11-23,-0.8743244,0.1252162,28.52
1996-11-24,-1.075766,12.3358,27.48
1996-11-25,1.968215,4.318097,59.83
1996-11-26,-1.198792,0.02288756,51.61
1996-11-27,-1.02109,0.01204258,39.38
1996-11-28,-0.388416,10.03586,36.42
1996-11-29,2.186493,2.955622,56.57
1996-11-30,3.416698,1.182901,76.29
1996-12-01,4.575769,10.33273,115.7
1996-12-02,3.38798,2.866334,104.9
1996-12-03,0.7239786,41.64558,99.98
1996-12-04,2.419163,1.823287,118.8
1996-12-05,-0.6373284,0.03898869,86.6
1996-12-06,-2.949841,0.08715901,63.82
1996-12-07,1.309785,2.422888,69.14
1996-12-08,5.557881,0.4702595,166.6
1996-12-09,4.940671,0.1755156,145.7
1996-12-10,3.345967,0.04896873,102.3
1996-12-11,2.571892,0.1928809,78.93
1996-12-12,1.351544,0.3300067,64.3
1996-12-13,-2.096935,0.2840985,52.41
1996-12-14,3.448459,1.346108,49.9
1996-12-15,4.480901,0.4150366,52.46
1996-12-16,3.555185,0.1216234,43.89
1996-12-17,0.4754601,6.273054,39.23
1996-12-18,3.284779,30.02023,117.3
1996-12-19,1.923281,0.9598137,141.9
1996-12-20,1.497671,0.04590818,85.52
1996-12-21,-0.05784327,0,63.88
1996-12-22,-1.291978,0.4050565,52.03
1996-12-23,-0.4758534,0.1286094,44.82
1996-12-24,-1.533096,0.06061211,38.68
1996-12-25,-1.887166,0.05136394,34.02
1996-12-26,-0.5507549,1.562741,30.33
1996-12-27,-0.02262408,1.364338,27.95
1996-12-28,-0.1532073,0.6930805,26.69
1996-12-29,-0.4839487,1.419428,25.17
1996-12-30,0.4843199,4.143114,25.43
1996-12-31,-1.486102,2.730739,23.63
1997-01-01,-2.235014,1.048703,21.74
1997-01-02,-1.206318,3.27179,20.92
1997-01-03,-1.042679,1.625615,20.4
1997-01-04,-1.580037,0.4502329,19.02
1997-01-05,-1.369757,0.3431803,17.99
1997-01-06,-0.9064864,0.8634731,17.41
1997-01-07,-2.357993,0.2684631,17.43
1997-01-08,-1.843342,0.3329341,16.91
1997-01-09,-0.790845,0.5618762,16.35
1997-01-10,-1.145405,0.3329341,15.7
1997-01-11,0.8594062,3.980373,30.63
1997-01-12,8.023671,0.8924817,79.51
1997-01-13,7.925235,0.1833001,53.42
1997-01-14,6.48359,0.2105123,39.19
1997-01-15,4.83179,0.0263473,32.53
1997-01-16,1.463344,0.04630738,28.75
1997-01-17,2.891757,1.410313,26.56
1997-01-18,3.508276,0.8055888,25.4
1997-01-19,2.090762,0.4033932,23.74
1997-01-20,-0.6678206,0.02222222,21.47
1997-01-21,-0.7061477,0.04065203,20.04
1997-01-22,-1.845649,0.0007318696,19.01
1997-01-23,-0.7098981,0.5819694,17.77
1997-01-24,2.979785,1.603925,19.02
1997-01-25,1.671963,0.3491018,19.21
1997-01-26,3.336177,0.0681304,18.01
1997-01-27,2.867665,0.145509,16.83
1997-01-28,1.0025,0.04510978,15.79
1997-01-29,0.6761911,0.1340652,15.06
1997-01-30,0.5213386,0,14.61
1997-01-31,0.3027615,0.1538257,13.87
1997-02-01,1.680195,2.100399,13.94
1997-02-02,2.083391,0.1908849,14.7
1997-02-03,2.806093,19.13453,34.83
1997-02-04,2.44147,0.7677977,55.38
1997-02-05,0.1232001,0.919827,32.75
1997-02-06,6.521585,5.329208,35.28
1997-02-07,3.199651,1.542781,36.76
1997-02-08,3.788215,5.777844,28.29
1997-02-09,5.656546,16.83613,46.27
1997-02-10,4.241177,11.15848,143
1997-02-11,3.1911,5.188756,81.07
1997-02-12,4.791229,8.821357,114
1997-02-13,3.243811,0.3916833,88.39
1997-02-14,1.282166,0.1322688,60.29
1997-02-15,2.408143,5.274451,47.51
1997-02-16,4.130373,19.15868,85.01
1997-02-17,5.90298,27.91816,278.1
1997-02-18,1.715126,7.714238,163.1
1997-02-19,3.243605,29.10093,343.1
1997-02-20,4.195751,23.59687,333.2
1997-02-21,4.940477,0.3813706,236
1997-02-22,8.007391,11.04624,134.1
1997-02-23,6.204406,10.59002,158.9
1997-02-24,3.243465,8.149767,160
1997-02-25,3.719377,1.494677,124.7
1997-02-26,1.477753,5.784498,92.31
1997-02-27,4.5309,12.6513,114.1
1997-02-28,5.581881,9.753094,128.8
1997-03-01,6.368753,17.10818,184.8
1997-03-02,4.090714,5.412309,209.6
1997-03-03,3.110114,0.138656,102.6
1997-03-04,3.001675,0.03978709,76.67
1997-03-05,4.591912,1.965935,64.31
1997-03-06,3.080609,1.407585,52.72
1997-03-07,6.541929,2.647505,50.53
1997-03-08,2.970432,0.04856953,45.37
1997-03-09,3.683745,0.4071856,38
1997-03-10,5.029487,0.04211577,33.69
1997-03-11,5.471309,0,30.07
1997-03-12,6.347338,0.4916168,27.7
1997-03-13,7.229369,2.93513,26.23
1997-03-14,8.314951,3.403393,26.53
1997-03-15,7.15364,4.643979,30.16
1997-03-16,8.095819,1.991084,35.45
1997-03-17,7.460504,2.106055,30.88
1997-03-18,6.342173,5.29175,34.46
1997-03-19,5.603839,0.3077179,36.89
1997-03-20,4.493118,0.001530273,29.63
1997-03-21,2.578266,0,26.07
1997-03-22,5.401523,9.69328,27.23
1997-03-23,5.741205,3.924551,34.64
1997-03-24,5.749751,0.8201597,31.68
1997-03-25,7.202486,2.655755,28.34
1997-03-26,7.307168,6.571657,41.28
1997-03-27,4.897,5.589022,47.63
1997-03-28,4.282183,1.346707,42.4
1997-03-29,6.2208,0.02049235,33.21
1997-03-30,6.325384,0.01796407,29.05
1997-03-31,6.880654,0.07238856,25.88
1997-04-01,8.00475,0,23.73
1997-04-02,7.477308,2.362874,22.17
1997-04-03,3.992258,0.6894877,21.65
1997-04-04,2.911121,2.797538,20.87
1997-04-05,8.312356,0.9523619,21.36
1997-04-06,5.708007,0.5072522,19.53
1997-04-07,8.296148,0.06833001,18.4
1997-04-08,8.320017,0.001264138,17.31
1997-04-09,6.852044,0,16.26
1997-04-10,7.666621,0,15.42
1997-04-11,5.867031,0,14.59
1997-04-12,5.033395,0,14.08
1997-04-13,7.14581,0.0002661344,13.66
1997-04-14,8.531604,0.6063207,13.29
1997-04-15,6.606255,0.02149035,12.87
1997-04-16,6.855657,0,12.48
1997-04-17,7.342695,0,12.2
1997-04-18,6.991963,1.040519,12
1997-04-19,3.540855,0.001530273,11.67
1997-04-20,3.586306,0.7782435,10.79
1997-04-21,4.148119,1.115968,10.49
1997-04-22,3.43915,0.1875582,10.23
1997-04-23,6.136393,10.87552,10.35
1997-04-24,7.209709,0.1805057,14.87
1997-04-25,4.51633,0,11.5
1997-04-26,4.985211,0.08829009,10.47
1997-04-27,8.052097,5.993347,10.12
1997-04-28,9.713578,1.825948,13.52
1997-04-29,8.99581,0.01390552,13.55
1997-04-30,10.09355,0,11.51
1997-05-01,12.57088,0,10.37
1997-05-02,11.16483,0,9.543
1997-05-03,9.127232,12.12169,9.402
1997-05-04,8.692544,20.79687,33.22
1997-05-05,3.16007,7.124218,65.09
1997-05-06,1.498416,0.9101796,37.89
1997-05-07,2.888088,7.738589,29.94
1997-05-08,3.565492,0.8709913,30.25
1997-05-09,4.655458,0.848503,24.99
1997-05-10,5.356134,14.42149,22.61
1997-05-11,5.912942,8.491484,57.42
1997-05-12,7.09179,9.929607,64.84
1997-05-13,8.132176,5.962675,70.93
1997-05-14,8.93146,0.2121756,52.1
1997-05-15,9.957851,2.554424,40.2
1997-05-16,9.573355,9.224418,34.39
1997-05-17,9.308319,0.9145043,49.16
1997-05-18,9.495651,3.407252,41.23
1997-05-19,9.164389,9.394145,36.37
1997-05-20,8.217184,4.030805,60.34
1997-05-21,6.423411,0.2302063,47.02
1997-05-22,5.810831,0.003393213,36.92
1997-05-23,5.932381,0.02155689,31.24
1997-05-24,7.068977,0,27.14
1997-05-25,9.25788,0.355356,24.21
1997-05-26,11.38223,0,22.19
1997-05-27,9.937254,0,20.02
1997-05-28,11.13135,0,18.86
1997-05-29,12.84684,0,17.22
1997-05-30,13.6815,0,15.6
1997-05-31,11.42099,0.01004657,14.52
1997-06-01,11.07305,0,13.68
1997-06-02,9.62124,0.1038589,13.2
1997-06-03,10.89574,0,12.78
1997-06-04,11.43723,0.02328676,12.29
1997-06-05,12.73564,6.627013,12.05
1997-06-06,13.83695,1.789488,12.68
1997-06-07,14.79752,5.171923,11.88
1997-06-08,13.06919,1.271989,12.01
1997-06-09,10.41876,0.03799068,11.16
1997-06-10,13.26093,3.127745,10.31
1997-06-11,10.84892,27.19454,28.44
1997-06-12,10.94041,9.109647,39.64
1997-06-13,10.79658,17.1988,54.01
1997-06-14,8.35539,0.2883566,55.87
1997-06-15,8.546385,3.531737,37.34
1997-06-16,9.695905,0.02089155,29.95
1997-06-17,11.13036,2.102196,25.05
1997-06-18,11.1092,6.292881,22.74
1997-06-19,10.46296,18.20878,56.41
1997-06-20,10.2589,5.106454,53.46
1997-06-21,10.39959,3.749501,48.22
1997-06-22,11.11707,2.979973,45.95
1997-06-23,10.11756,0.02747838,37.22
1997-06-24,9.327929,1.213573,29.99
1997-06-25,8.743345,3.071257,27.74
1997-06-26,8.004239,1.838856,25.41
1997-06-27,8.586569,6.385296,23.04
1997-06-28,10.4484,3.750233,33
1997-06-29,10.38108,0.01976048,27.67
1997-06-30,9.26637,20.59275,27.64
1997-07-01,8.394284,6.769794,84.63
1997-07-02,9.982302,6.209381,55.9
1997-07-03,10.22436,7.124218,78.68
1997-07-04,11.70961,0.01131071,57.68
1997-07-05,12.88331,0.02315369,43.63
1997-07-06,14.94454,0.3635396,36.52
1997-07-07,15.05881,0.1743846,31.52
1997-07-08,15.9006,0,27.46
1997-07-09,15.03964,0.0005988024,24.46
1997-07-10,14.61324,1.564804,22.17
1997-07-11,14.27323,0.0002661344,19.99
1997-07-12,14.73153,3.056487,18.66
1997-07-13,14.62021,4.778975,18.88
1997-07-14,12.75008,0.1565536,17.45
1997-07-15,13.85982,2.700798,15.95
1997-07-16,13.96997,0.01397206,16.47
1997-07-17,12.84116,0,15.01
1997-07-18,13.6225,0.0002661344,13.73
1997-07-19,15.00212,0.009846973,12.82
1997-07-20,14.60988,0.0002661344,12.03
1997-07-21,14.98373,0.2518297,11.47
1997-07-22,14.74017,0.01397206,11.04
1997-07-23,14.67863,6.232069,11.75
1997-07-24,14.10291,5.173919,13.66
1997-07-25,14.02697,0.08682635,11.59
1997-07-26,12.41359,2.229607,10.68
1997-07-27,14.08703,3.984298,10.43
1997-07-28,14.59489,1.029408,10.47
1997-07-29,14.35961,6.446707,10.33
1997-07-30,12.998,6.361477,13.69
1997-07-31,13.0128,3.677112,16.11
1997-08-01,14.67753,0.4191617,13.32
1997-08-02,12.23462,0.02601464,11.76
1997-08-03,13.29008,0,10.56
1997-08-04,13.19437,0.009846973,10.35
1997-08-05,13.58276,0,11.21
1997-08-06,15.69675,0.01170991,11.67
1997-08-07,16.60027,0.003592814,12.02
1997-08-08,18.18897,1.513041,11.57
1997-08-09,16.14129,0.5860279,11.7
1997-08-10,17.45726,0.01936128,11.54
1997-08-11,17.19456,1.554624,11.46
1997-08-12,17.80688,0.2807718,11.45
1997-08-13,16.71009,19.83965,15.54
1997-08-14,16.91188,0.04171657,19.06
1997-08-15,16.64149,0.008915502,14.03
1997-08-16,17.49934,0.3277445,12.66
1997-08-17,16.27732,0.514837,12.06
1997-08-18,15.24394,0.01756487,11.66
1997-08-19,17.64579,1.596873,11.32
1997-08-20,18.25617,2.335329,11.66
1997-08-21,16.25683,4.108982,13.11
1997-08-22,14.40521,0.02894212,12.22
1997-08-23,12.25145,2.28982,11.5
1997-08-24,11.91443,0.638523,11.57
1997-08-25,12.48474,1.76833,11.39
1997-08-26,13.09182,0.6956753,11.21
1997-08-27,13.20224,7.671124,12.61
1997-08-28,12.58909,0.2453094,14.15
1997-08-29,12.29899,1.895609,12.16
1997-08-30,12.34737,0.09467731,11.55
1997-08-31,10.85272,4.767132,11.38
1997-09-01,12.38615,3.851697,14.16
1997-09-02,12.19686,11.71464,16.61
1997-09-03,13.30046,11.70725,74.23
1997-09-04,12.22543,3.801264,37.42
1997-09-05,11.89795,1.287558,26.28
1997-09-06,11.00812,3.827279,21.47
1997-09-07,13.34045,1.136394,19.69
1997-09-08,13.08564,0.06161011,16.71
1997-09-09,11.23951,0,14.83
1997-09-10,10.59529,0,13.81
1997-09-11,11.105,3.748503,13.56
1997-09-12,8.321799,2.784897,13.41
1997-09-13,7.024033,4.647438,13.13
1997-09-14,10.67589,5.450765,14.64
1997-09-15,12.17726,7.499069,22.03
1997-09-16,11.32534,14.82475,76.87
1997-09-17,10.2447,0.01616766,43
1997-09-18,8.14161,0.1321357,26.21
1997-09-19,7.79517,0,19.85
1997-09-20,8.555792,0.000665336,16.26
1997-09-21,10.15384,0.00758483,14.17
1997-09-22,9.609194,0.01956088,12.63
1997-09-23,9.576041,0,11.14
1997-09-24,9.664501,0.0241517,10.77
1997-09-25,9.902086,0,10.89
1997-09-26,9.7414,0.02794411,9.655
1997-09-27,10.28019,0.001929474,9.285
1997-09-28,11.72163,1.394145,9.324
1997-09-29,12.06071,0.107851,9.603
1997-09-30,9.660601,1.627745,8.738
1997-10-01,12.12173,0.02654691,8.202
1997-10-02,10.16186,0.02228876,8.054
1997-10-03,11.98357,0.3173653,7.499
1997-10-04,13.29451,0.8163673,7.349
1997-10-05,12.65666,1.03839,7.272
1997-10-06,11.50871,3.577112,7.45
1997-10-07,8.084295,0.1683965,8.24
1997-10-08,9.349204,3.562941,8.237
1997-10-09,9.706035,16.69767,12.07
1997-10-10,8.591306,1.614371,23.82
1997-10-11,6.624385,0.09201597,13.06
1997-10-12,4.978,0.5906188,10.32
1997-10-13,4.995202,0.04577512,9.216
1997-10-14,4.36892,6.749102,8.956
1997-10-15,7.87404,6.423752,11.88
1997-10-16,10.901,7.437126,28.21
1997-10-17,13.41419,3.118031,54.11
1997-10-18,11.0077,0.09846973,30.95
1997-10-19,8.202682,0.2745842,21.3
1997-10-20,4.755517,0.04850299,17.16
1997-10-21,4.157315,0.009447771,14.49
1997-10-22,3.541636,0.06034597,13.04
1997-10-23,4.183259,0.04244844,12.03
1997-10-24,2.373853,0.001330672,10.9
1997-10-25,5.005163,0.8208915,10.26
1997-10-26,5.099066,0.02228876,9.833
1997-10-27,4.866581,0.01956088,9.446
1997-10-28,3.327816,0.01044577,9.174
1997-10-29,1.501963,0.6314704,9.123
1997-10-30,7.227956,0.4213573,10.26
1997-10-31,7.354716,0.05475715,8.722
1997-11-01,9.158555,1.086161,8.374
1997-11-02,7.875055,0.1180971,8.315
1997-11-03,6.945801,0.1929474,8.118
1997-11-04,6.325418,1.180838,7.973
1997-11-05,7.627606,12.65928,12.09
1997-11-06,7.511607,0.5252162,20.18
1997-11-07,4.153396,2.877844,13.11
1997-11-08,3.478201,8.868263,24.02
1997-11-09,3.012277,2.278443,21.78
1997-11-10,5.191242,1.513373,19.97
1997-11-11,5.680237,4.198536,20.9
1997-11-12,4.566725,0.2804391,20.31
1997-11-13,3.343244,0.1971391,16.93
1997-11-14,4.907435,1.366334,16.55
1997-11-15,7.867039,5.750566,16.6
1997-11-16,12.19586,10.98383,55.29
1997-11-17,10.83941,17.06507,42.44
1997-11-18,10.58615,5.828543,125.5
1997-11-19,8.50844,4.830539,72.18
1997-11-20,7.577248,15.5819,86.78
1997-11-21,5.16887,0.5349301,86.16
1997-11-22,3.252042,0.0497006,52.56
1997-11-23,3.98874,4.914837,40.79
1997-11-24,6.264824,1.709847,43.44
1997-11-25,5.700461,1.862275,37.45
1997-11-26,6.511848,3.399468,33.1
1997-11-27,6.497405,0.5153027,35.24
1997-11-28,5.909853,6.83686,32.54
1997-11-29,6.297751,4.497738,47.28
1997-11-30,2.075462,1.169528,42.48
1997-12-01,-2.234224,0.2323353,33.53
1997-12-02,-1.044742,0.6868929,29.95
1997-12-03,0.2305613,1.614371,27.72
1997-12-04,0.3719511,3.309914,25.84
1997-12-05,4.580256,2.875316,25.08
1997-12-06,8.975084,8.647305,42.07
1997-12-07,8.293097,8.735063,48.12
1997-12-08,7.687245,9.9499,147.2
1997-12-09,6.23963,10.57505,108
1997-12-10,5.779011,11.89607,139.4
1997-12-11,3.989481,3.486693,188.1
1997-12-12,1.645321,0.9756487,105.5
1997-12-13,4.855893,14.07964,79.68
1997-12-14,3.421602,0.7792415,61.15
1997-12-15,2.590694,0.8811045,50.34
1997-12-16,2.576874,5.100399,43.05
1997-12-17,2.047278,0.8506986,38.26
1997-12-18,5.005914,5.796407,77.37
1997-12-19,4.417499,6.706121,79.34
1997-12-20,3.746454,2.068397,88.59
1997-12-21,4.319507,7.940186,64.37
1997-12-22,2.269065,1.386627,53.11
1997-12-23,5.487382,2.730539,52.68
1997-12-24,5.64459,11.01464,108.8
1997-12-25,4.42082,17.2185,157
1997-12-26,3.795923,7.307385,114.9
1997-12-27,2.917967,8.913839,78.62
1997-12-28,2.396885,11.30605,63.29
1997-12-29,0.30126,1.14338,51.57
1997-12-30,5.383674,5.781104,64.71
1997-12-31,3.629531,1.920559,80.57
1998-01-01,3.331896,16.72874,101.9
1998-01-02,4.098499,10.05562,88.37
1998-01-03,4.169726,9.003859,115.9
1998-01-04,1.180482,11.86633,83.65
1998-01-05,0.8438871,0.3580173,73.1
1998-01-06,0.824885,8.519095,75.14
1998-01-07,2.532573,1.545709,102.3
1998-01-08,1.870336,12.64877,85.87
1998-01-09,9.229132,0.4371257,142.8
1998-01-10,9.575563,0.1665336,82.56
1998-01-11,7.886848,2.447106,65.41
1998-01-12,6.636445,0.6919494,56.81
1998-01-13,4.526156,18.61763,73.23
1998-01-14,3.323231,1.893014,85.16
1998-01-15,3.466893,0.8149035,66.33
1998-01-16,2.464767,2.544644,54.48
1998-01-17,2.34018,7.61324,58.72
1998-01-18,3.14604,8.201597,74.48
1998-01-19,-0.5609112,0.5628077,64.66
1998-01-20,-1.553808,1.51344,49.63
1998-01-21,2.839541,1.647039,55.09
1998-01-22,6.64724,9.974983,64.01
1998-01-23,3.549538,1.949501,75.49
1998-01-24,1.076268,0.3407186,60.4
1998-01-25,-0.6103261,0.03579508,51.59
1998-01-26,-2.203181,0.02375249,45.21
1998-01-27,-0.84509,0.01277445,40.27
1998-01-28,0.1984026,0.04011976,36.04
1998-01-29,0.9298853,0.08562874,32.46
1998-01-30,1.97711,0.7025283,30.06
1998-01-31,1.289132,2.852562,28.33
1998-02-01,1.573766,0.04723885,27.74
1998-02-02,1.006121,0.02022621,24.89
1998-02-03,1.553139,2.198736,22.94
1998-02-04,4.234467,2.028743,23.66
1998-02-05,5.501194,0.9539587,23.18
1998-02-06,5.460541,10.02681,27.85
1998-02-07,1.898364,2.087758,34
1998-02-08,6.714941,2.229807,32.54
1998-02-09,8.087231,6.826946,45.51
1998-02-10,6.340179,9.856886,43.87
1998-02-11,9.294432,13.39601,141.1
1998-02-12,10.35944,0.3958084,83.58
1998-02-13,10.11291,0.7214903,57.14
1998-02-14,9.769001,2.353493,49.19
1998-02-15,9.856362,4.19002,45.35
1998-02-16,6.675386,0.4855622,49.32
1998-02-17,6.953485,0.06500333,39.51
1998-02-18,6.752001,0.1166999,35.25
1998-02-19,7.500305,0.6095808,32.68
1998-02-20,8.770272,8.148303,39.86
1998-02-21,4.736884,3.555689,46.34
1998-02-22,3.791502,3.07678,39.66
1998-02-23,8.483249,0.444644,39.51
1998-02-24,8.365533,0.01310712,34.17
1998-02-25,6.460734,0.3053227,30.54
1998-02-26,5.693753,2.445376,28.42
1998-02-27,3.332154,10.55815,41.86
1998-02-28,-0.5586119,0.5674651,35.77
1998-03-01,-0.4168023,5.721823,32.47
1998-03-02,3.112931,4.846906,39.13
1998-03-03,4.581758,0.179308,53.76
1998-03-04,1.94784,1.120625,37.75
1998-03-05,0.3985272,1.394079,32.88
1998-03-06,-0.06552269,15.34298,34.8
1998-03-07,3.848399,4.129607,91.05
1998-03-08,1.40603,0.02840985,58.74
1998-03-09,1.108762,1.255223,46.68
1998-03-10,4.014273,12.13127,70.37
1998-03-11,3.312338,0.3926813,72.66
1998-03-12,2.345988,1.808849,51.73
1998-03-13,6.521186,0.01556886,44.18
1998-03-14,7.293761,0.03060546,38.93
1998-03-15,8.126004,0.311976,34.86
1998-03-16,7.468876,0.9924817,32.93
1998-03-17,7.132346,0.2745842,31.73
1998-03-18,5.356098,0.1799069,29.32
1998-03-19,4.725365,0.1942781,28.14
1998-03-20,7.470358,0,27.6
1998-03-21,6.331455,0,27.33
1998-03-22,4.95814,0.01257485,26.58
1998-03-23,5.119285,4.502196,25.72
1998-03-24,5.4706,0.02468396,27.56
1998-03-25,6.145688,7.42475,25.81
1998-03-26,7.771538,5.333466,50.33
1998-03-27,7.711562,0.2306055,37.39
1998-03-28,9.241086,0.01064538,28.73
1998-03-29,7.631814,9.897605,30.68
1998-03-30,9.650951,0.3009315,44.53
1998-03-31,7.567915,0.6081836,31.27
1998-04-01,4.874814,1.679108,27.49
1998-04-02,4.114147,18.50812,30.44
1998-04-03,3.903295,6.890353,90.95
1998-04-04,5.54269,6.248436,73.41
1998-04-05,5.357329,1.722422,69.58
1998-04-06,5.789125,5.582102,60.27
1998-04-07,5.648098,4.25988,57.87
1998-04-08,3.698422,18.17878,111.6
1998-04-09,1.6516,1.790885,92.68
1998-04-10,0.9794033,0.4310047,69.35
1998-04-11,1.167154,1.372788,56.02
1998-04-12,1.010022,0.4039255,48.14
1998-04-13,0.5093802,0.03027279,42.07
1998-04-14,-0.3515679,0.7281437,37.93
1998-04-15,1.422341,1.274518,35.52
1998-04-16,1.340983,8.356287,40.56
1998-04-17,4.078554,0.03725881,37.06
1998-04-18,3.735213,0.0249501,32.85
1998-04-19,4.860867,3.625482,31.75
1998-04-20,6.114947,2.988822,38.09
1998-04-21,6.470732,5.448902,34.71
1998-04-22,9.232593,13.1644,65.26
1998-04-23,8.522944,1.445908,76.13
1998-04-24,8.074978,3.74817,50.81
1998-04-25,7.55343,7.837059,49.95
1998-04-26,6.315334,3.182502,74.88
1998-04-27,6.51527,0.6413174,52.2
1998-04-28,5.730773,2.913839,44.14
1998-04-29,7.345763,1.395343,40.42
1998-04-30,6.525679,0.05422488,34.51
1998-05-01,6.69845,0.009381237,28.04
1998-05-02,7.11648,0.06320692,25.76
1998-05-03,7.065223,0.01497006,23.95
1998-05-04,8.630446,1.056287,22.54
1998-05-05,6.488397,4.125549,22.94
1998-05-06,7.16653,6.794877,22.39
1998-05-07,8.931906,7.387026,37.46
1998-05-08,8.901231,0.1690619,30.46
1998-05-09,10.59594,0.08522954,22.9
1998-05-10,8.528778,0.0247505,19.32
1998-05-11,7.451153,4.099933,17.86
1998-05-12,9.617578,0.06114438,17.82
1998-05-13,11.62244,0.02641384,16.45
1998-05-14,11.94355,0.1792415,15.56
1998-05-15,11.5656,0.02315369,14.87
1998-05-16,11.69441,0.05808383,13.87
1998-05-17,11.79647,0.07970725,12.98
1998-05-18,11.92202,0.0002661344,12.18
1998-05-19,12.06392,0.2045908,11.61
1998-05-20,10.2616,0.7770459,11.92
1998-05-21,9.725077,0.004191617,12.07
1998-05-22,9.559527,0.1532269,10.75
1998-05-23,10.88465,0.02801064,10.23
1998-05-24,11.46155,0.01636727,9.949
1998-05-25,9.9456,0.4805057,9.712
1998-05-26,7.214231,3.351763,9.546
1998-05-27,6.729826,10.32874,10.9
1998-05-28,8.168924,14.48423,13.77
1998-05-29,9.485671,20.27691,73.3
1998-05-30,8.855107,5.481171,46.48
1998-05-31,8.273233,3.818629,52.07
1998-06-01,7.643118,0.1306055,38.33
1998-06-02,6.563669,5.075848,31.45
1998-06-03,6.774385,0.1224884,33.11
1998-06-04,8.977456,0.5588822,24.75
1998-06-05,10.3373,2.483633,20.89
1998-06-06,9.903385,7.618696,22.67
1998-06-07,11.13651,1.153227,24.95
1998-06-08,9.233607,13.12409,33.3
1998-06-09,10.89241,6.028809,45.75
1998-06-10,8.917932,15.57838,81.49
1998-06-11,6.786828,1.289088,63.89
1998-06-12,7.426076,0.2194278,42.47
1998-06-13,8.327352,5.708916,37.42
1998-06-14,9.10055,5.500798,39.45
1998-06-15,8.524103,2.230539,46.67
1998-06-16,9.313809,1.348836,37.71
1998-06-17,10.08965,0.02974052,32.49
1998-06-18,10.88413,0.6836993,29
1998-06-19,13.67616,0.002528277,26.81
1998-06-20,16.00223,0.0598137,24.34
1998-06-21,15.4963,1.109115,22.57
1998-06-22,12.12396,3.835662,20.23
1998-06-23,13.93946,4.770126,19.47
1998-06-24,13.69066,0.9292748,33.96
1998-06-25,12.59189,2.11018,21.08
1998-06-26,11.12157,12.1002,34.61
1998-06-27,10.88721,11.87698,56.47
1998-06-28,12.05493,0.4033267,41.43
1998-06-29,11.53913,1.368397,27.42
1998-06-30,11.36242,0.07684631,22.98
1998-07-01,11.62107,0.03113772,19.82
1998-07-02,11.61207,0,17.75
1998-07-03,12.72822,0.004524285,15.97
1998-07-04,13.48004,0.6930805,14.85
1998-07-05,13.39602,0.05914837,14.43
1998-07-06,11.26778,0.009647372,13.52
1998-07-07,11.41544,0.2315369,12.65
1998-07-08,12.33253,3.873187,12.56
1998-07-09,12.86628,0.01124418,13.15
1998-07-10,11.66986,6.838656,12.43
1998-07-11,11.67746,4.466134,12.91
1998-07-12,9.675313,24.97265,51.93
1998-07-13,10.24694,0.3145709,39.85
1998-07-14,11.42242,1.227412,24.55
1998-07-15,11.17277,0.724684,21.44
1998-07-16,12.31817,8.9833,19.27
1998-07-17,11.27535,2.707252,23.67
1998-07-18,11.44101,0.8914837,21.18
1998-07-19,11.30635,16.16554,34.1
1998-07-20,15.02584,5.317232,82.71
1998-07-21,12.99986,3.761211,47.99
1998-07-22,12.76403,5.471657,42.55
1998-07-23,12.14249,1.921823,47.55
1998-07-24,11.10705,2.476114,35.62
1998-07-25,11.38858,0.9479042,28.98
1998-07-26,11.8681,3.586161,28.13
1998-07-27,13.09687,2.698669,31.02
1998-07-28,13.22365,4.367997,26.66
1998-07-29,12.11443,5.580373,31.67
1998-07-30,12.24564,5.89521,40.16
1998-07-31,12.88131,17.74358,69.69
1998-08-01,11.77349,0.02408516,62.53
1998-08-02,12.32321,6.977578,41.49
1998-08-03,13.02067,3.600399,61.23
1998-08-04,13.16421,3.211045,45.48
1998-08-05,13.59962,7.447172,41.69
1998-08-06,14.28507,2.873387,50.16
1998-08-07,13.18582,14.20546,58.59
1998-08-08,14.53248,0.04537591,81.49
1998-08-09,14.96081,0.03998669,51.31
1998-08-10,15.4337,0.01210911,42.05
1998-08-11,14.84579,1.349568,36.31
1998-08-12,13.28509,1.753293,35.09
1998-08-13,12.24926,2.281238,31.31
1998-08-14,13.8269,3.481371,32.88
1998-08-15,12.11205,0.050499,30.4
1998-08-16,12.85588,16.60745,33.89
1998-08-17,13.67913,0.1568862,68.37
1998-08-18,11.15316,0.01077844,37.19
1998-08-19,12.44078,2.304724,30.72
1998-08-20,12.45621,11.14391,37.19
1998-08-21,11.66546,0.3322688,51.87
1998-08-22,10.86233,0.1381903,34.51
1998-08-23,9.874368,11.2652,41.95
1998-08-24,9.90461,0.04743846,40.89
1998-08-25,9.392774,3.642116,33.25
1998-08-26,9.52506,0.0837658,27.84
1998-08-27,9.364428,0.01377245,23.48
1998-08-28,11.45927,0,21.53
1998-08-29,12.68762,0.01876247,20.28
1998-08-30,12.70905,0,19.07
1998-08-31,12.95707,9.264271,20.35
1998-09-01,12.48269,14.02455,69.63
1998-09-02,13.11574,0.05954757,44.73
1998-09-03,12.2399,0.7972056,31.98
1998-09-04,11.57804,0.03752495,27.37
1998-09-05,12.66047,0.6288756,24.37
1998-09-06,13.09523,0.05429142,22.51
1998-09-07,15.38969,6.468663,21.13
1998-09-08,13.90467,15.85855,44.6
1998-09-09,13.56425,14.37199,104
1998-09-10,12.38198,3.787691,87.23
1998-09-11,9.211953,1.273985,55.54
1998-09-12,6.189962,4.957152,46
1998-09-13,7.658074,0.009647372,45.2
1998-09-14,9.845219,0.01630073,34.9
1998-09-15,8.698671,0.1002661,29.73
1998-09-16,9.23674,0.03512974,26.84
1998-09-17,9.639776,3.178776,23.94
1998-09-18,12.64667,0.05475715,23.56
1998-09-19,12.67584,0.03712575,21.44
1998-09-20,14.70034,0.004590818,19.86
1998-09-21,13.67756,0.03732535,18.7
1998-09-22,10.93178,0.01197605,17.88
1998-09-23,10.68705,0,17.44
1998-09-24,10.29047,0.04411178,16.68
1998-09-25,10.19786,0.006121091,16.01
1998-09-26,10.62511,0.4011311,15.58
1998-09-27,11.06414,0.1695941,15.11
1998-09-28,10.7632,0.4371923,14.7
1998-09-29,9.931331,0.9883566,14.09
1998-09-30,11.04345,12.17199,16.03
1998-10-01,10.87196,0.6487691,22.09
1998-10-02,8.973514,0.02115768,17.18
1998-10-03,7.632783,0.2614105,15.25
1998-10-04,7.277546,4.238856,14.59
1998-10-05,7.732993,4.15509,18.29
1998-10-06,8.155175,0.5651364,18.54
1998-10-07,6.053032,0.1365269,16.12
1998-10-08,5.40211,0.8568197,15.08
1998-10-09,9.678376,13.32868,35.07
1998-10-10,8.216582,3.389554,27.31
1998-10-11,7.382663,2.147638,22.92
1998-10-12,8.093682,5.87658,20.6
1998-10-13,9.208634,7.849634,36.29
1998-10-14,7.808203,9.365269,46.91
1998-10-15,6.018073,5.484963,55.64
1998-10-16,6.412766,14.23699,86.9
1998-10-17,4.339849,5.966068,111.3
1998-10-18,2.943437,1.942781,67.24
1998-10-19,3.12521,0.8257485,51.11
1998-10-20,2.794438,29.4668,85.76
1998-10-21,11.57155,7.797073,198.7
1998-10-22,11.95729,8.514438,114
1998-10-23,7.361398,2.344644,95.92
1998-10-24,6.471958,19.3684,172.9
1998-10-25,5.373452,1.371391,101.1
1998-10-26,4.080832,15.0652,78.61
1998-10-27,6.323769,20.04684,154.4
1998-10-28,5.148905,8.57678,200
1998-10-29,4.364549,1.402395,113.7
1998-10-30,3.759344,0.1465735,79.18
1998-10-31,2.684482,0.003060546,61.33
1998-11-01,1.906729,0.02854291,49.84
1998-11-02,0.8818954,53.70825,171.6
1998-11-03,3.164072,5.441118,298.1
1998-11-04,0.5717738,4.265536,125.9
1998-11-05,3.17263,6.635729,136
1998-11-06,2.705676,1.530206,95.88
1998-11-07,7.452708,4.547239,83.02
1998-11-08,8.833124,12.1493,78.1
1998-11-09,9.009011,3.96334,118
1998-11-10,4.24526,4.275715,78.52
1998-11-11,4.56933,1.715037,63.24
1998-11-12,5.832277,5.926613,59.45
1998-11-13,4.083692,3.615236,60.17
1998-11-14,4.419211,5.289222,67.66
1998-11-15,1.85868,6.65E-05,55.89
1998-11-16,-0.713048,0.02308716,46.21
1998-11-17,-1.8145,0.9953426,40.69
1998-11-18,-0.6728246,1.006454,38.45
1998-11-19,0.6318502,0.6340652,35.24
1998-11-20,3.943949,3.020426,33.3
1998-11-21,8.263378,9.327678,36.98
1998-11-22,4.916304,1.432136,62.46
1998-11-23,2.138638,9.053227,43.15
1998-11-24,4.860569,0.3423154,63.08
1998-11-25,4.014236,8.504059,45.46
1998-11-26,5.261562,3.02342,60.8
1998-11-27,5.620851,14.08476,48.75
1998-11-28,5.878225,0.1363939,114
1998-11-29,2.036218,1.473387,61.35
1998-11-30,4.350351,0.6080506,49.95
1998-12-01,6.207693,0.114837,42.95
1998-12-02,4.583252,0.1695276,37.94
1998-12-03,3.222577,0.03133732,34.38
1998-12-04,-0.248824,1.403992,30.82
1998-12-05,-1.860311,0,28.13
1998-12-06,-4.36186,0.4606786,25.21
1998-12-07,0.9568482,3.530672,25.27
1998-12-08,6.162442,2.798802,38.99
1998-12-09,5.097252,1.071457,30.08
1998-12-10,7.108894,7.895675,46.59
1998-12-11,4.372301,4.034331,40.76
1998-12-12,5.944657,3.936394,41.04
1998-12-13,5.350981,7.665868,52.77
1998-12-14,9.775516,4.995409,70.94
1998-12-15,4.833412,1.02688,51.92
1998-12-16,7.019908,1.193014,41.4
1998-12-17,9.063803,6.298736,50.09
1998-12-18,3.620454,4.594478,57.1
1998-12-19,1.543076,0.0166334,45.95
1998-12-20,-1.76757,0.06107784,35.73
1998-12-21,-1.466418,0.9265469,31.34
1998-12-22,2.533665,7.728609,36.41
1998-12-23,1.486912,0.4809714,43.99
1998-12-24,4.03287,6.241184,40.69
1998-12-25,4.607817,7.064604,53.18
1998-12-26,2.461129,27.31737,147.6
1998-12-27,1.525183,1.916035,130.7
1998-12-28,-0.4360031,0.3679308,70.18
1998-12-29,1.950966,13.86673,62.75
1998-12-30,5.394299,2.53992,101.9
1998-12-31,4.414436,1.761344,67.25
1999-01-01,5.25244,23.23433,87.98
1999-01-02,4.582192,10.6688,216.6
1999-01-03,3.13915,7.984963,117.2
1999-01-04,4.951914,5.422089,102.1
1999-01-05,4.180154,19.86114,171
1999-01-06,3.861822,1.461677,132.8
1999-01-07,2.110506,1.917898,91.78
1999-01-08,0.5732914,0.975316,73.75
1999-01-09,-1.15379,0.01477046,57.47
1999-01-10,-2.683981,0.03732535,47.27
1999-01-11,-2.235159,2.815236,40.82
1999-01-12,0.3469199,0.942515,37.89
1999-01-13,1.887269,4.722355,43.79
1999-01-14,1.839489,18.2495,63.97
1999-01-15,4.17283,17.52342,229.6
1999-01-16,0.6166815,0.8693945,108
1999-01-17,1.644356,3.803992,72.51
1999-01-18,3.068388,24.40566,112.5
1999-01-19,6.026853,4.587425,190.9
1999-01-20,3.709016,1.418896,95.08
1999-01-21,2.030759,0.1642715,67.49
1999-01-22,2.526297,0.6074518,54.1
1999-01-23,4.110392,5.366068,56.5
1999-01-24,3.553981,27.05496,107.3
1999-01-25,1.677409,5.601464,141.5
1999-01-26,1.776661,1.057685,87.3
1999-01-27,1.385006,3.532868,71.43
1999-01-28,3.728537,1.160346,70.94
1999-01-29,3.157885,0.861477,58.76
1999-01-30,5.28498,0.1949434,52.02
1999-01-31,5.49047,0.08429807,44.29
1999-02-01,4.705434,0.04311377,39.23
1999-02-02,5.058713,0.2968729,35.53
1999-02-03,8.03869,4.10998,34.96
1999-02-04,6.526887,1.714305,41.89
1999-02-05,3.034919,0.1680639,33.15
1999-02-06,1.755778,0.4086494,28.87
1999-02-07,-1.509857,0.04171657,25.89
1999-02-08,-2.555142,0.01530273,23.37
1999-02-09,-2.030234,0.0241517,21.02
1999-02-10,-0.6986451,0.2726547,20
1999-02-11,1.871508,0.1595476,19.8
1999-02-12,2.332383,0.9776447,19.57
1999-02-13,1.417066,2.388955,18.47
1999-02-14,4.851117,0.8296074,19.88
1999-02-15,5.134378,1.2666,19.21
1999-02-16,1.868228,1.584897,18.84
1999-02-17,0.4690868,4.996208,17.66
1999-02-18,5.288637,9.242315,25.33
1999-02-19,5.428947,2.522754,46.72
1999-02-20,2.878935,15.84671,47.14
1999-02-21,1.692588,3.105655,65.9
1999-02-22,0.6307366,0.3888224,43.1
1999-02-23,0.409421,0.3135063,33.79
1999-02-24,0.09904033,0.6349967,29.51
1999-02-25,5.606595,1.050898,30.63
1999-02-26,4.341637,0.3140386,30.4
1999-02-27,2.000956,7.072322,26.2
1999-02-28,3.003074,15.97864,71.84
1999-03-01,3.557489,4.423686,54.63
1999-03-02,3.849252,8.751963,71.22
1999-03-03,2.697473,4.437059,70.28
1999-03-04,1.433377,3.935329,64.32
1999-03-05,1.054447,0.006786427,49.82
1999-03-06,1.072949,2.629474,43.75
1999-03-07,1.754278,0.1758483,39.95
1999-03-08,0.7315454,1.325815,34.95
1999-03-09,1.408424,1.748769,33.55
1999-03-10,1.403568,0.03213573,30.8
1999-03-11,2.191446,0.9939454,28.34
1999-03-12,5.042787,5.42322,32.15
1999-03-13,4.603215,0.4067864,37.6
1999-03-14,5.119012,0.1024617,29.53
1999-03-15,6.758362,0.3867598,26.2
1999-03-16,8.186796,0.06626746,24.26
1999-03-17,7.864828,2.817365,22.62
1999-03-18,5.440721,0.4103127,22.5
1999-03-19,5.351289,0.5995343,20.57
1999-03-20,5.523813,10.75349,19.66
1999-03-21,5.053243,3.097871,40.88
1999-03-22,3.54994,5.787292,29.94
1999-03-23,6.824498,2.257552,35.65
1999-03-24,6.220033,1.686228,32.33
1999-03-25,4.262099,0.015835,27.49
1999-03-26,3.209249,0.01909514,24.25
1999-03-27,2.806023,0.03200266,21.86
1999-03-28,3.36109,14.1658,28.47
1999-03-29,7.812927,1.239721,61.26
1999-03-30,7.069999,0.127678,33.64
1999-03-31,7.013229,0.3214904,26.58
1999-04-01,9.879421,0.01084498,23.38
1999-04-02,7.462933,0.3037259,21.09
1999-04-03,6.693088,0.3521623,19.67
1999-04-04,8.168554,4.585895,19.13
1999-04-05,9.701634,8.763273,24.9
1999-04-06,8.29637,4.859747,55.07
1999-04-07,7.741895,0.6295409,32.37
1999-04-08,8.910068,0.1602794,25.28
1999-04-09,10.03334,1.508583,22.08
1999-04-10,7.617717,1.20978,21.29
1999-04-11,5.620018,10.79574,28.1
1999-04-12,4.801129,7.011244,36.51
1999-04-13,0.6952405,2.529474,31.23
1999-04-14,0.02524834,7.721357,27.67
1999-04-15,2.332502,2.398137,38.03
1999-04-16,1.362959,0.1476381,32.52
1999-04-17,2.0267,0.459348,27.41
1999-04-18,1.727084,1.957884,25.69
1999-04-19,2.277302,1.235995,24.06
1999-04-20,3.786075,19.43799,66.8
1999-04-21,7.74219,9.887891,84.37
1999-04-22,7.488949,4.028543,84.1
1999-04-23,7.166413,0.1344644,60.57
1999-04-24,7.661095,0.02821025,44.18
1999-04-25,7.633387,0.008516301,36.56
1999-04-26,7.278126,0.01330672,31.57
1999-04-27,9.71192,0,27.92
1999-04-28,9.342123,0,25.09
1999-04-29,10.06472,0,22.59
1999-04-30,7.750399,0,20.64
1999-05-01,7.576808,0,19.13
1999-05-02,7.71255,0.01077844,17.8
1999-05-03,10.77577,0,16.86
1999-05-04,9.421047,0.0002661344,15.75
1999-05-05,8.506619,3.361211,15.25
1999-05-06,8.156903,1.084298,16.06
1999-05-07,9.025374,6.807252,15.07
1999-05-08,8.522183,3.719095,18.11
1999-05-09,10.22127,9.092881,25.48
1999-05-10,10.93627,13.28656,35.12
1999-05-11,10.17989,11.47319,75.05
1999-05-12,9.594178,15.4187,135.9
1999-05-13,8.992511,8.78676,100.6
1999-05-14,9.072405,0.6026613,62.44
1999-05-15,8.890669,0.07358616,44.9
1999-05-16,8.66619,0.003592814,35.71
1999-05-17,7.233771,0.0005322688,29.77
1999-05-18,8.884259,0.01077844,25.57
1999-05-19,10.49705,0.01816367,23.08
1999-05-20,11.29545,1.375249,20.58
1999-05-21,8.560658,8.717964,20.93
1999-05-22,7.998244,2.876713,20.98
1999-05-23,10.34383,3.186826,20.19
1999-05-24,8.730977,2.654025,20.72
1999-05-25,8.330999,3.465203,18.37
1999-05-26,11.1621,3.28177,24.85
1999-05-27,13.24297,4.432601,21.42
1999-05-28,10.67074,4.184564,27.45
1999-05-29,8.526205,0.1351963,22.54
1999-05-30,6.927977,0.01144378,18.36
1999-05-31,9.088456,0,16.39
1999-06-01,11.65245,0.0002661344,15.06
1999-06-02,10.00955,13.56015,18.12
1999-06-03,8.912719,1.3002,30.8
1999-06-04,9.054064,6.473852,25.44
1999-06-05,8.366281,6.354824,32.6
1999-06-06,7.296648,4.375981,30.74
1999-06-07,7.09324,3.807518,34.55
1999-06-08,9.060988,1.097006,30.08
1999-06-09,9.337193,0.0004657352,23.65
1999-06-10,10.15878,0.0005322688,20.08
1999-06-11,9.038685,2.001796,18.08
1999-06-12,9.463255,2.546307,18.35
1999-06-13,10.23922,2.581703,18.24
1999-06-14,12.36624,0.2570858,17.19
1999-06-15,12.02553,0.2988024,15.29
1999-06-16,13.44272,4.571723,14.9
1999-06-17,11.38296,0.01849634,14.92
1999-06-18,12.28901,0.1669328,13.29
1999-06-19,12.19142,17.81071,24.21
1999-06-20,9.596595,0.9477711,32.86
1999-06-21,8.747255,1.58177,20.19
1999-06-22,8.694946,0.4419162,17.31
1999-06-23,10.79233,0.03552894,15.78
1999-06-24,12.89386,0,14.41
1999-06-25,14.67578,0,13.1
1999-06-26,14.80974,16.99854,13.07
1999-06-27,11.54866,0.8441118,22.65
1999-06-28,9.954858,2.423886,17.79
1999-06-29,10.79793,1.098004,16.97
1999-06-30,11.28418,0.3667332,12.72
1999-07-01,12.50023,0.3146374,11.86
1999-07-02,12.80821,6.425017,11.74
1999-07-03,13.18181,13.33107,30.55
1999-07-04,13.8767,0.1692615,21.78
1999-07-05,13.8623,0.959348,16.42
1999-07-06,13.91494,2.445842,15.39
1999-07-07,14.26727,2.594079,14.01
1999-07-08,17.56197,0.4217565,13.56
1999-07-09,17.93658,0.01902861,12.23
1999-07-10,16.27413,5.157019,14.29
1999-07-11,15.38255,0.0002661344,14.69
1999-07-12,15.41383,0.01510313,12.07
1999-07-13,12.8014,3.385562,11.64
1999-07-14,11.57159,0.4987359,12.16
1999-07-15,11.53419,1.603327,12.42
1999-07-16,13.30974,2.515635,10.7
1999-07-17,13.10969,1.129807,10.82
1999-07-18,12.85597,7.64185,11.49
1999-07-19,14.43624,8.971124,16.16
1999-07-20,13.95791,4.596141,29.35
1999-07-21,11.59187,0.7850965,23.23
1999-07-22,11.59644,0.005988024,17.27
1999-07-23,14.25202,0.005389221,13.97
1999-07-24,14.3918,0,12.62
1999-07-25,11.45693,0,11.84
1999-07-26,12.21409,0.01124418,11.09
1999-07-27,12.35871,0,10.39
1999-07-28,12.15499,0.01097804,10.93
1999-07-29,13.2057,0,12.14
1999-07-30,14.97616,0.0005322688,9.846
1999-07-31,16.35489,0,9.327
1999-08-01,16.46758,9.664271,10.05
1999-08-02,17.63855,0.5369261,11.88
1999-08-03,17.04697,0.005788423,9.732
1999-08-04,16.49598,0.08323353,10.11
1999-08-05,15.13239,3.757352,11.8
1999-08-06,15.02425,0.2211577,9.993
1999-08-07,12.70001,0.2066534,9.234
1999-08-08,11.47727,0.4315369,9.028
1999-08-09,10.26199,0.0002661344,8.793
1999-08-10,9.62977,0.01157685,8.553
1999-08-11,10.1226,0.01157685,9.039
1999-08-12,10.93068,2.296274,10.52
1999-08-13,13.44082,4.716234,9.056
1999-08-14,11.59025,5.309448,10.29
1999-08-15,11.39286,0.7624085,9.585
1999-08-16,10.72372,2.983234,8.771
1999-08-17,10.44303,5.589754,8.896
1999-08-18,11.39632,4.777112,10.49
1999-08-19,11.20024,0.006786427,10.74
1999-08-20,9.353996,0.05216234,8.838
1999-08-21,9.048369,0,8.241
1999-08-22,9.40227,0.03253493,7.849
1999-08-23,10.16866,0.007318696,7.562
1999-08-24,11.00505,0.4678643,7.394
1999-08-25,12.38333,4.318962,8.359
1999-08-26,14.54417,5.210579,11.48
1999-08-27,13.77223,0.2354624,10.55
1999-08-28,13.02211,0.00592149,8.321
1999-08-29,11.62477,4.010446,7.914
1999-08-30,12.17718,2.039055,8.184
1999-08-31,13.87391,0.03459747,8.721
1999-09-01,15.56066,0.3491683,9.437
1999-09-02,17.07245,0.190153,11.32
1999-09-03,16.02936,0.01969395,7.929
1999-09-04,15.55518,0.04637392,7.064
1999-09-05,17.13064,0.005056553,6.545
1999-09-06,15.38606,11.22881,6.532
1999-09-07,12.04122,0.1903526,9.851
1999-09-08,12.18907,7.651763,10.55
1999-09-09,11.06827,0.05568862,15.49
1999-09-10,12.66731,0.009381237,8.842
1999-09-11,14.38718,4.442914,7.587
1999-09-12,10.09711,0.1783766,9.544
1999-09-13,10.42156,0.2411178,7.716
1999-09-14,9.284612,0.02568197,6.983
1999-09-15,10.06439,0.1363939,7.356
1999-09-16,10.90372,7.691351,9.955
1999-09-17,9.482481,7.457418,17.82
1999-09-18,11.72997,2.912974,16.36
1999-09-19,13.59947,14.46567,12.65
1999-09-20,13.55585,21.58416,72.91
1999-09-21,13.04821,0.03792415,43.2
1999-09-22,11.60672,5.977977,25.25
1999-09-23,12.67123,13.21118,29.18
1999-09-24,12.34772,5.491351,63.12
1999-09-25,11.20687,0.01210911,38.96
1999-09-26,9.312898,1.560213,27.25
1999-09-27,9.620745,6.104125,25.44
1999-09-28,9.721206,5.293879,26.37
1999-09-29,10.23323,7.219228,40.43
1999-09-30,8.949986,6.596008,34.8
1999-10-01,6.852935,11.05888,43.72
1999-10-02,6.247608,1.109049,48.77
1999-10-03,7.153505,1.159015,34.83
1999-10-04,5.56223,0.02295409,28.65
1999-10-05,3.896954,0.02082502,24.47
1999-10-06,5.466143,2.181104,21.99
1999-10-07,9.401805,1.623752,20.95
1999-10-08,9.332075,1.675915,19.92
1999-10-09,11.60256,0.3930805,20.15
1999-10-10,11.51762,2.859681,18.87
1999-10-11,7.26316,0.3368596,18.13
1999-10-12,7.285986,0.02022621,16.33
1999-10-13,8.984365,0.1092482,15.38
1999-10-14,8.633429,0.3646707,14.63
1999-10-15,8.794856,0.04790419,13.92
1999-10-16,8.628811,0,13.29
1999-10-17,8.289517,0,12.69
1999-10-18,6.275381,0.9530273,12.18
1999-10-19,6.753691,2.133599,12.14
1999-10-20,6.710565,0.3,12.98
1999-10-21,6.833578,14.34298,16.63
1999-10-22,9.786434,2.24338,35.54
1999-10-23,9.865901,1.474983,23.34
1999-10-24,8.785884,14.67465,28.58
1999-10-25,9.812105,1.677179,54.68
1999-10-26,8.901896,0.2280106,33.65
1999-10-27,9.593015,3.25336,28.05
1999-10-28,7.046332,0.2486361,27.52
1999-10-29,7.463992,1.009248,22.83
1999-10-30,11.36556,4.825482,24.02
1999-10-31,8.857181,9.562409,30.38
1999-11-01,8.67258,11.40399,81.17
1999-11-02,5.882028,4.264604,51.33
1999-11-03,9.893954,4.075981,39.72
1999-11-04,9.802705,27.61151,64.29
1999-11-05,6.718644,20.22834,267.5
1999-11-06,4.290615,0.1697272,132.7
1999-11-07,5.862799,3.432934,80.34
1999-11-08,7.815038,0.09367931,60.59
1999-11-09,3.587172,0.04783766,47.37
1999-11-10,3.416834,0.09534265,39.73
1999-11-11,5.211512,0.00239521,34.57
1999-11-12,5.705504,0.05116434,30.73
1999-11-13,5.976894,0.02940785,27.62
1999-11-14,6.181562,0.09328011,25.12
1999-11-15,4.726503,1.725482,23.25
1999-11-16,2.326565,0.004590818,22.07
1999-11-17,0.9947568,0.01077844,20.19
1999-11-18,1.089191,0.01077844,18.67
1999-11-19,1.618506,0.2586826,17.15
1999-11-20,0.5586295,0.05968064,16.17
1999-11-21,1.901936,0.530672,15.51
1999-11-22,4.926735,0.6477711,15.23
1999-11-23,7.966421,7.400133,14.63
1999-11-24,7.393954,2.437725,25.07
1999-11-25,6.93439,2.721956,21.01
1999-11-26,7.080069,12.35442,52.95
1999-11-27,4.805945,32.5477,53.09
1999-11-28,7.901949,23.40845,429.1
1999-11-29,2.260033,5.830739,139.8
1999-11-30,7.870291,5.472122,111.7
1999-12-01,4.136313,8.745176,90.05
1999-12-02,2.379992,26.43992,107.9
1999-12-03,1.530242,4.411776,208.1
1999-12-04,-0.1944403,1.415835,101
1999-12-05,0.6956862,10.15003,89.38
1999-12-06,7.898152,10.39128,158.4
1999-12-07,3.225905,7.847372,118.3
1999-12-08,4.332144,26.75442,174.7
1999-12-09,3.406666,7.442981,233.5
1999-12-10,1.116561,2.534198,128.5
1999-12-11,1.428573,14.98576,122.6
1999-12-12,1.18804,3.062275,132.3
1999-12-13,-1.261608,2.690685,88.78
1999-12-14,-0.7195805,8.044045,70.29
1999-12-15,0.4357833,0.6725882,56.7
1999-12-16,2.99196,13.87305,106
1999-12-17,3.017584,0.3389222,177.7
1999-12-18,-2.855536,0.1827013,85.36
1999-12-19,-4.114787,0.105988,61.51
1999-12-20,-5.341547,2.723686,50.09
1999-12-21,1.081001,5.160279,45.42
1999-12-22,4.615192,13.58816,124.7
1999-12-23,4.288819,23.20466,159.3
1999-12-24,4.771971,18.1654,201.3
1999-12-25,1.709226,3.573187,147.8
1999-12-26,0.6361932,2.041184,92.88
1999-12-27,0.4677407,0.1191617,71.7
1999-12-28,-0.2033561,0.02408516,56.29
1999-12-29,0.6635031,3.847239,46.78
1999-12-30,2.499463,1.387026,54.72
1999-12-31,3.859481,1.587824,57.01
2000-01-01,3.605365,0.3588157,52.32
2000-01-02,5.444694,6.976514,47.22
2000-01-03,4.273927,1.277312,61.02
2000-01-04,1.971517,15.88483,66.98
2000-01-05,5.247914,14.19135,126
2000-01-06,3.979437,3.182036,128.7
2000-01-07,6.206975,10.32249,127.2
2000-01-08,2.762022,3.130938,96.98
2000-01-09,0.7034268,1.16853,70.36
2000-01-10,4.033744,4.030339,71.98
2000-01-11,4.670497,11.55482,87.89
2000-01-12,2.460295,0.63666,85.83
2000-01-13,-0.3597169,0.5023287,64.64
2000-01-14,0.7585744,0.005854957,53.04
2000-01-15,-0.1772793,0.02887558,45.27
2000-01-16,2.171808,0.02947438,40.55
2000-01-17,3.867256,0.1718563,36.66
2000-01-18,4.298173,0.01809714,33.45
2000-01-19,2.643594,0.02648037,30.56
2000-01-20,3.17802,0.007451763,28.3
2000-01-21,2.369008,0.6246174,26.49
2000-01-22,2.841895,0.001463739,24.99
2000-01-23,0.9012742,0.3005323,23.24
2000-01-24,1.708199,0.02208915,22.13
2000-01-25,-0.098947,0.06161011,20.91
2000-01-26,1.063882,0.4978044,20.05
2000-01-27,3.285253,7.107252,19.76
2000-01-28,5.102424,13.06301,35.08
2000-01-29,5.410851,2.870792,66.51
2000-01-30,5.071494,14.22754,77.24
2000-01-31,5.512178,25.83533,123.4
2000-02-01,5.809049,2.700599,185.3
2000-02-02,3.828451,1.430339,89.61
2000-02-03,4.598527,4.406387,63.92
2000-02-04,8.756485,1.536128,67.8
2000-02-05,7.378756,2.009581,55.11
2000-02-06,6.051062,5.695276,57.47
2000-02-07,4.368953,6.967066,77.3
2000-02-08,3.580983,9.709514,65.98
2000-02-09,4.566084,15.38856,75.7
2000-02-10,3.337872,3.770725,150.6
2000-02-11,4.81036,12.27532,94.25
2000-02-12,1.271199,9.22994,102.9
2000-02-13,1.52906,2.169128,75.56
2000-02-14,2.026666,3.471257,88.1
2000-02-15,1.5888,6.872721,84.94
2000-02-16,-0.9896016,3.881238,69.56
2000-02-17,0.6147415,6.581171,61.07
2000-02-18,2.444403,4.567798,100.9
2000-02-19,1.251678,0.009846973,79.97
2000-02-20,0.2284833,3.314305,62.36
2000-02-21,2.485195,0.04497671,62.52
2000-02-22,1.164766,0.4552229,51.03
2000-02-23,5.295569,6.653826,63.72
2000-02-24,2.003125,5.900532,66.11
2000-02-25,3.053548,0.3782435,54.94
2000-02-26,4.758005,20.34957,51.69
2000-02-27,5.502165,7.420226,212.5
2000-02-28,2.483922,2.215369,93.65
2000-02-29,2.451752,0.4592814,68.9
2000-03-01,1.7208,3.125682,53.56
2000-03-02,3.647727,15.40599,97.8
2000-03-03,1.415178,1.2,79.56
2000-03-04,-0.4379882,0.3474385,56.81
2000-03-05,2.576763,4.699933,51.45
2000-03-06,8.349789,7.579375,63.9
2000-03-07,8.849428,4.563939,74.64
2000-03-08,10.24393,13.27006,99.39
2000-03-09,7.188878,3.713307,98.55
2000-03-10,7.144968,0.3452428,74.77
2000-03-11,6.577699,0.01882901,58.61
2000-03-12,5.749664,0.6688623,49.11
2000-03-13,7.89222,1.099135,44.1
2000-03-14,3.885062,0.09401197,39.07
2000-03-15,5.556469,0.03872255,34.8
2000-03-16,7.395655,0.1090486,31.46
2000-03-17,6.725301,0.01869594,28.65
2000-03-18,4.234569,0.01749834,26.28
2000-03-19,6.592676,0.005988024,24.56
2000-03-20,7.902002,0,22.98
2000-03-21,5.960677,0.3852295,21.76
2000-03-22,3.528512,0.006453759,20.95
2000-03-23,2.980809,18.72548,32.15
2000-03-24,5.080117,2.412176,38.6
2000-03-25,3.25603,0.9870925,29.86
2000-03-26,3.000188,1.554691,26.11
2000-03-27,2.977723,0.4230872,23.57
2000-03-28,2.551111,0.001197605,21.71
2000-03-29,3.614744,0.155489,20.49
2000-03-30,4.149694,0.5904192,19.68
2000-03-31,4.249882,1.635063,19.32
2000-04-01,3.758225,0.3705256,18.71
2000-04-02,1.892376,6.35163,19.24
2000-04-03,0.09066097,0.7874917,19.91
2000-04-04,0.6944341,0.01477046,18.26
2000-04-05,2.398119,0,16.99
2000-04-06,3.544504,0.01536926,15.98
2000-04-07,4.355661,0.6756487,15.27
2000-04-08,6.025228,0.02315369,15.02
2000-04-09,4.316067,0.02648037,14.68
2000-04-10,4.231668,1.985296,14.38
2000-04-11,2.513198,9.047106,17.52
2000-04-12,3.011069,19.49215,38.36
2000-04-13,2.690323,6.983766,73.77
2000-04-14,2.481847,0.06926148,46.46
2000-04-15,1.624977,0.3621424,34.43
2000-04-16,2.955995,1.353094,29.35
2000-04-17,2.028113,8.278709,37
2000-04-18,4.734676,0.1932801,34.39
2000-04-19,6.157777,5.732934,28.94
2000-04-20,9.235428,6.160146,33.96
2000-04-21,8.003461,5.315902,39.28
2000-04-22,7.405872,1.207452,38.64
2000-04-23,7.186527,1.357552,32.18
2000-04-24,7.170718,12.27345,33.46
2000-04-25,5.525169,16.01637,116.4
2000-04-26,5.273538,23.34305,229.6
2000-04-27,7.262615,0.7105123,144
2000-04-28,8.677895,0.000332668,84.02
2000-04-29,8.145415,0.1405855,62.26
2000-04-30,9.644432,0.02095808,49.33
2000-05-01,9.016357,0.0002661344,41.27
2000-05-02,9.201775,0,35.54
2000-05-03,7.343394,0.01077844,31.64
2000-05-04,6.853893,0,28.43
2000-05-05,6.481648,0,26.02
2000-05-06,9.331832,0.01077844,23.9
2000-05-07,11.60042,0.0005322688,22.02
2000-05-08,11.11285,0.02754491,20.38
2000-05-09,12.21843,0.01217565,19.39
2000-05-10,8.687943,0.006852961,18.75
2000-05-11,8.662541,0,17.67
2000-05-12,10.12325,0.001064538,16.51
2000-05-13,12.14047,0,15.63
2000-05-14,13.94866,0,14.94
2000-05-15,13.21468,1.387691,14.57
2000-05-16,10.42055,18.12754,15.82
2000-05-17,7.80433,2.086228,30.08
2000-05-18,7.760029,1.610313,18.92
2000-05-19,7.55691,2.69022,16.84
2000-05-20,7.501721,2.337458,16.16
2000-05-21,9.074077,0.152495,15.98
2000-05-22,8.473802,0.2318696,14.46
2000-05-23,7.975056,1.358483,13.9
2000-05-24,7.495091,0.8144378,13.8
2000-05-25,7.033465,2.079508,13.6
2000-05-26,6.72644,9.846906,13.9
2000-05-27,6.142671,0.6811045,18.47
2000-05-28,6.473553,2.479308,14.88
2000-05-29,7.650428,0.3569528,13.86
2000-05-30,7.513861,0.2800399,12.75
2000-05-31,8.318606,2.510712,10.1
2000-06-01,11.40747,0.775316,10.41
2000-06-02,9.451449,0.6254824,9.991
2000-06-03,7.382201,11.61989,10.61
2000-06-04,6.665314,0.7302062,19.64
2000-06-05,7.566749,1.707252,13.98
2000-06-06,8.76001,4.335729,14.29
2000-06-07,9.571624,2.887026,14.14
2000-06-08,10.11662,1.569727,12.87
2000-06-09,9.185162,12.13759,27.01
2000-06-10,10.02223,4.979108,26.55
2000-06-11,9.452236,1.027146,22.57
2000-06-12,12.75384,4.257951,19.04
2000-06-13,11.22222,0.002528277,22.36
2000-06-14,10.48152,0,15.75
2000-06-15,10.26671,0,13.51
2000-06-16,12.13405,0,11.96
2000-06-17,14.70179,0,11.19
2000-06-18,16.35158,0,10.52
2000-06-19,15.19871,0.04770459,9.811
2000-06-20,13.67333,3.49674,9.568
2000-06-21,12.94349,2.720226,11.38
2000-06-22,11.81041,4.230206,13.28
2000-06-23,10.19972,0.1179641,10.91
2000-06-24,9.540572,0.3805722,9.577
2000-06-25,9.485264,0.02874251,8.94
2000-06-26,9.87276,0.02827678,8.582
2000-06-27,11.15338,0.007451763,8.347
2000-06-28,11.01442,0.4699933,8.992
2000-06-29,9.663196,0,10.14
2000-06-30,9.917924,0.01749834,7.981
2000-07-01,11.96695,0.02015968,7.567
2000-07-02,12.25094,0.3685961,7.426
2000-07-03,12.27118,0,7.382
2000-07-04,11.62641,0.06360612,7.168
2000-07-05,10.90408,10.42362,8.209
2000-07-06,9.811037,0.06247505,11.11
2000-07-07,10.08793,0.244644,8.15
2000-07-08,11.14173,7.125749,7.686
2000-07-09,11.27331,19.24411,11.33
2000-07-10,10.32917,1.412708,25.89
2000-07-11,9.471925,0.09481038,13.47
2000-07-12,10.46067,0.8658683,10.43
2000-07-13,11.66359,0.1167665,9.475
2000-07-14,11.07546,0.02747838,8.491
2000-07-15,11.06755,0,8.003
2000-07-16,10.93222,0,7.572
2000-07-17,11.3125,0.01077844,7.205
2000-07-18,13.59203,0,7.025
2000-07-19,14.83701,0,6.926
2000-07-20,13.64348,0.01343979,7.011
2000-07-21,14.50047,0.01077844,6.46
2000-07-22,14.00588,0.009314704,6.358
2000-07-23,12.75769,0.1876247,6.27
2000-07-24,11.35127,0.3077844,6.336
2000-07-25,12.09658,0.2383234,6.433
2000-07-26,13.3924,0.01789754,6.91
2000-07-27,14.29424,1.443313,8.567
2000-07-28,13.99538,9.436993,7.294
2000-07-29,13.93503,5.419561,11.05
2000-07-30,14.61883,2.622222,11.45
2000-07-31,13.98237,10.80007,9.142
2000-08-01,14.73388,0.7213573,12.22
2000-08-02,13.12377,9.143047,11.76
2000-08-03,13.1072,0.6642049,12.54
2000-08-04,12.7736,0.0002661344,9.936
2000-08-05,13.55687,0.2719228,9.842
2000-08-06,15.77957,0.1062542,9.007
2000-08-07,13.12982,0.695143,7.631
2000-08-08,14.84577,4.683832,7.318
2000-08-09,14.30241,8.573253,10.9
2000-08-10,14.91533,0.03918829,13.5
2000-08-11,13.66531,0.0170326,9.535
2000-08-12,14.36294,5.177112,8.442
2000-08-13,15.09514,20.4507,19.27
2000-08-14,14.93036,0.2701929,39.5
2000-08-15,13.02143,1.253094,17.66
2000-08-16,11.47789,5.026547,16.2
2000-08-17,11.22053,14.2831,21.99
2000-08-18,11.24335,5.390353,23.02
2000-08-19,10.30688,6.943313,37.91
2000-08-20,10.2359,8.531005,33.4
2000-08-21,10.09219,5.014172,35.06
2000-08-22,11.14166,0.04491018,28.12
2000-08-23,12.32545,0,21.1
2000-08-24,14.19113,0.0002661344,17.55
2000-08-25,15.41154,7.47678,15.3
2000-08-26,14.47119,4.964338,18.71
2000-08-27,13.10023,3.11324,18.68
2000-08-28,11.75069,0.4235529,16.62
2000-08-29,11.57064,2.349102,15.1
2000-08-30,11.59226,2.183633,15.05
2000-08-31,12.23647,12.44458,37.39
2000-09-01,11.88167,6.155223,35.17
2000-09-02,11.31112,1.339987,32.5
2000-09-03,8.861562,0.1271457,22.61
2000-09-04,10.80851,3.177312,18.24
2000-09-05,13.62198,12.85183,16.9
2000-09-06,11.59005,6.877778,46.26
2000-09-07,11.96531,1.75489,35.6
2000-09-08,11.95694,1.750898,26.75
2000-09-09,11.58124,1.157485,21.88
2000-09-10,12.01813,25.94079,20.14
2000-09-11,12.61975,11.54138,163.3
2000-09-12,11.92565,0.7387226,65.03
2000-09-13,11.63329,1.870792,44.52
2000-09-14,11.71715,2.807784,36.48
2000-09-15,10.61624,1.234731,33.43
2000-09-16,11.40001,0.2420492,28.19
2000-09-17,11.80424,13.4012,26.05
2000-09-18,9.375582,0.926813,40.36
2000-09-19,8.302656,30.14604,51.89
2000-09-20,10.54192,2.056487,146.8
2000-09-21,10.10655,8.791617,73.47
2000-09-22,12.38354,1.102927,72.39
2000-09-23,13.56863,0.3815037,51.78
2000-09-24,13.01141,8.93513,44.44
2000-09-25,11.51291,0.2029275,48.11
2000-09-26,11.16161,9.581304,51.94
2000-09-27,11.26484,11.80233,92.71
2000-09-28,8.78108,1.662475,78.02
2000-09-29,10.83515,0.2980705,54.93
2000-09-30,11.30947,0.1102462,43.61
2000-10-01,10.33583,0.4240852,37.11
2000-10-02,9.532308,2.952162,32.48
2000-10-03,11.87834,9.974251,37.88
2000-10-04,9.599451,6.233799,56.88
2000-10-05,6.359883,0.8192947,47.09
2000-10-06,6.874607,4.21517,34.44
2000-10-07,8.223492,7.423287,47.47
2000-10-08,6.482399,0.8093147,42.88
2000-10-09,5.093561,26.86194,129.5
2000-10-10,6.155352,2.036061,103.8
2000-10-11,5.624774,6.570858,81.63
2000-10-12,7.996333,1.369727,69.57
2000-10-13,8.552558,2.332934,54.73
2000-10-14,8.930878,0.06174318,47.1
2000-10-15,9.205536,0.03273453,40.14
2000-10-16,7.762792,0.4840319,35.28
2000-10-17,7.451978,5.472322,32
2000-10-18,9.101456,2.851963,45.59
2000-10-19,6.543241,0.6445775,32.63
2000-10-20,6.511332,5.633267,33.71
2000-10-21,5.812128,0.09361277,31.01
2000-10-22,5.108804,5.649368,26.62
2000-10-23,8.789179,12.92655,86.71
2000-10-24,8.50557,32.15409,126
2000-10-25,8.432415,1.255356,237.2
2000-10-26,6.817264,4.468397,90.35
2000-10-27,8.116491,1.18177,79.49
2000-10-28,6.725066,11.91277,85.89
2000-10-29,5.689062,1.798071,75.84
2000-10-30,2.927007,0.7194278,56.84
2000-10-31,4.733028,3.877112,52.12
2000-11-01,2.876833,1.272455,48.56
2000-11-02,2.483719,0.2839654,45.29
2000-11-03,3.733932,0.1895542,38.83
2000-11-04,3.890464,0.2052562,34.39
2000-11-05,2.506742,8.103659,31.9
2000-11-06,4.776572,43.62342,156.5
2000-11-07,5.52737,24.51317,288.1
2000-11-08,5.311412,4.27505,245.9
2000-11-09,5.674063,0.03240186,133.5
2000-11-10,4.427321,2.351963,90.86
2000-11-11,5.010393,20.68383,106.6
2000-11-12,3.299811,2.827013,144.4
2000-11-13,3.853102,0.2953426,92.92
2000-11-14,3.772303,0.08629408,70
2000-11-15,3.461623,8.796208,63.26
2000-11-16,3.714885,2.042781,77.42
2000-11-17,2.163473,0.2702595,57.13
2000-11-18,4.675744,3.657019,51.84
2000-11-19,3.545825,0.1789088,48.66
2000-11-20,1.764659,0.06726547,41.51
2000-11-21,1.103548,1.527079,37.23
2000-11-22,3.66268,4.266334,39.4
2000-11-23,2.852617,0.2156354,37.55
2000-11-24,2.741069,3.179242,33.29
2000-11-25,4.846783,10.83067,49.3
2000-11-26,4.288193,2.445775,57.5
2000-11-27,4.022912,4.067731,48.4
2000-11-28,7.736433,9.947039,83.22
2000-11-29,9.19134,7.604923,94.77
2000-11-30,5.966717,10.36327,77.5
2000-12-01,8.323424,18.51816,145.4
2000-12-02,7.362098,5.230339,171.6
2000-12-03,6.023032,8.820027,114.1
2000-12-04,8.267182,17.9652,197.7
2000-12-05,8.852354,19.07691,257.4
2000-12-06,7.073373,6.816367,175.6
2000-12-07,5.927826,22.15808,144
2000-12-08,6.932418,15.48523,295.9
2000-12-09,6.331534,4.710047,188.3
2000-12-10,5.376975,4.027944,132
2000-12-11,5.878535,6.575915,103
2000-12-12,7.645635,24.16354,212.1
2000-12-13,4.667424,0.9362608,182.7
2000-12-14,3.693188,0.02628077,105.4
2000-12-15,-0.6354155,0,77.77
2000-12-16,-1.567241,0.01230872,62.34
2000-12-17,-1.839251,0.09274784,51.9
2000-12-18,0.4416939,0.1193613,44.97
2000-12-19,2.915378,6.418629,43.41
2000-12-20,6.687939,0.1548902,50.36
2000-12-21,4.087561,0.01091151,38.85
2000-12-22,3.173534,0,34.21
2000-12-23,2.575418,2.649767,31.77
2000-12-24,0.8198344,1.850699,31.48
2000-12-25,-1.33111,0.4859614,28.3
2000-12-26,-3.865665,0.01543579,25.64
2000-12-27,-5.788612,0.1169661,23.87
2000-12-28,-3.35612,2.962941,23.47
2000-12-29,-3.677926,0.01350632,21
2000-12-30,-3.52939,0.02308716,19.86
2000-12-31,-1.320421,10.11544,22.51
